-- --------------------------------------------------------
-- Host:                         127.0.0.1
-- Versi server:                 5.6.16 - MySQL Community Server (GPL)
-- OS Server:                    Win32
-- HeidiSQL Versi:               9.1.0.4867
-- --------------------------------------------------------

/*!40101 SET @OLD_CHARACTER_SET_CLIENT=@@CHARACTER_SET_CLIENT */;
/*!40101 SET NAMES utf8mb4 */;
/*!40014 SET @OLD_FOREIGN_KEY_CHECKS=@@FOREIGN_KEY_CHECKS, FOREIGN_KEY_CHECKS=0 */;
/*!40101 SET @OLD_SQL_MODE=@@SQL_MODE, SQL_MODE='NO_AUTO_VALUE_ON_ZERO' */;

-- Dumping database structure for db_choosepc
CREATE DATABASE IF NOT EXISTS `db_choosepc` /*!40100 DEFAULT CHARACTER SET latin1 */;
USE `db_choosepc`;


-- Dumping structure for table db_choosepc.ahp_bayes_schema
CREATE TABLE IF NOT EXISTS `ahp_bayes_schema` (
  `id_hipotensis` int(11) DEFAULT NULL,
  `id_component` varchar(5) NOT NULL,
  UNIQUE KEY `id_hipotensis` (`id_hipotensis`,`id_component`),
  KEY `FK_bayestoahp_hipotesis` (`id_hipotensis`),
  KEY `id_component` (`id_component`),
  CONSTRAINT `ahp_bayes_schema_ibfk_1` FOREIGN KEY (`id_hipotensis`) REFERENCES `hipotesis` (`id`) ON DELETE CASCADE ON UPDATE CASCADE,
  CONSTRAINT `ahp_bayes_schema_ibfk_2` FOREIGN KEY (`id_component`) REFERENCES `ahp_component_computer` (`id`) ON DELETE CASCADE ON UPDATE CASCADE
) ENGINE=InnoDB DEFAULT CHARSET=latin1;

-- Dumping data for table db_choosepc.ahp_bayes_schema: ~24 rows (approximately)
/*!40000 ALTER TABLE `ahp_bayes_schema` DISABLE KEYS */;
REPLACE INTO `ahp_bayes_schema` (`id_hipotensis`, `id_component`) VALUES
	(1, 'CM001'),
	(1, 'CM002'),
	(1, 'CM003'),
	(1, 'CM004'),
	(1, 'CM005'),
	(1, 'CM006'),
	(2, 'CM001'),
	(2, 'CM002'),
	(2, 'CM003'),
	(2, 'CM004'),
	(2, 'CM005'),
	(2, 'CM006'),
	(4, 'CM001'),
	(4, 'CM002'),
	(4, 'CM003'),
	(4, 'CM004'),
	(4, 'CM005'),
	(4, 'CM006'),
	(5, 'CM001'),
	(5, 'CM002'),
	(5, 'CM003'),
	(5, 'CM004'),
	(5, 'CM005'),
	(5, 'CM006');
/*!40000 ALTER TABLE `ahp_bayes_schema` ENABLE KEYS */;


-- Dumping structure for table db_choosepc.ahp_component_computer
CREATE TABLE IF NOT EXISTS `ahp_component_computer` (
  `id` varchar(5) NOT NULL,
  `name` char(50) DEFAULT NULL,
  PRIMARY KEY (`id`)
) ENGINE=InnoDB DEFAULT CHARSET=latin1;

-- Dumping data for table db_choosepc.ahp_component_computer: ~6 rows (approximately)
/*!40000 ALTER TABLE `ahp_component_computer` DISABLE KEYS */;
REPLACE INTO `ahp_component_computer` (`id`, `name`) VALUES
	('CM001', 'Processor'),
	('CM002', 'Motherboard'),
	('CM003', 'Video Graphic Adapter'),
	('CM004', 'Harddisk'),
	('CM005', 'RAM'),
	('CM006', 'RAM 2');
/*!40000 ALTER TABLE `ahp_component_computer` ENABLE KEYS */;


-- Dumping structure for table db_choosepc.ahp_criteria
CREATE TABLE IF NOT EXISTS `ahp_criteria` (
  `id_criteria` varchar(5) NOT NULL,
  `nama_criteria` varchar(50) NOT NULL,
  `id_component` varchar(5) NOT NULL,
  PRIMARY KEY (`id_criteria`),
  KEY `id_component` (`id_component`),
  CONSTRAINT `ahp_criteria_ibfk_1` FOREIGN KEY (`id_component`) REFERENCES `ahp_component_computer` (`id`) ON DELETE CASCADE ON UPDATE CASCADE
) ENGINE=InnoDB DEFAULT CHARSET=latin1;

-- Dumping data for table db_choosepc.ahp_criteria: ~19 rows (approximately)
/*!40000 ALTER TABLE `ahp_criteria` DISABLE KEYS */;
REPLACE INTO `ahp_criteria` (`id_criteria`, `nama_criteria`, `id_component`) VALUES
	('CT001', 'Clock', 'CM001'),
	('CT002', 'Core', 'CM001'),
	('CT003', 'Thread', 'CM001'),
	('CT004', 'Cache', 'CM001'),
	('CT005', 'Chipset', 'CM002'),
	('CT006', 'Memory Support', 'CM002'),
	('CT007', 'Max Memory', 'CM002'),
	('CT008', 'Core Clock', 'CM003'),
	('CT010', 'Memory Size', 'CM003'),
	('CT011', 'Bus Width', 'CM003'),
	('CT012', 'Type Memory', 'CM003'),
	('CT013', 'Interface', 'CM004'),
	('CT014', 'RPM', 'CM004'),
	('CT015', 'Type', 'CM004'),
	('CT016', 'Capacity', 'CM004'),
	('CT017', 'Cache', 'CM004'),
	('CT019', 'Clock', 'CM005'),
	('CT021', 'Cas Latency', 'CM005'),
	('CT022', 'Capacity', 'CM005');
/*!40000 ALTER TABLE `ahp_criteria` ENABLE KEYS */;


-- Dumping structure for table db_choosepc.ahp_criteria_weight
CREATE TABLE IF NOT EXISTS `ahp_criteria_weight` (
  `id_hipotesis` int(11) NOT NULL,
  `id_component` varchar(5) NOT NULL,
  `id_criteria_1` varchar(5) NOT NULL,
  `id_criteria_2` varchar(5) NOT NULL,
  `point` enum('0','1') NOT NULL DEFAULT '0',
  `weight` int(11) DEFAULT '1',
  UNIQUE KEY `id_hipotesis_2` (`id_hipotesis`,`id_component`,`id_criteria_1`,`id_criteria_2`),
  KEY `id_component` (`id_component`),
  KEY `id_criteria_1` (`id_criteria_1`),
  KEY `id_criteria_2` (`id_criteria_2`),
  KEY `id_hipotesis` (`id_hipotesis`),
  CONSTRAINT `ahp_criteria_weight_ibfk_1` FOREIGN KEY (`id_component`) REFERENCES `ahp_component_computer` (`id`) ON DELETE CASCADE ON UPDATE CASCADE,
  CONSTRAINT `ahp_criteria_weight_ibfk_2` FOREIGN KEY (`id_criteria_1`) REFERENCES `ahp_criteria` (`id_criteria`) ON DELETE CASCADE ON UPDATE CASCADE,
  CONSTRAINT `ahp_criteria_weight_ibfk_3` FOREIGN KEY (`id_criteria_2`) REFERENCES `ahp_criteria` (`id_criteria`) ON DELETE CASCADE ON UPDATE CASCADE,
  CONSTRAINT `ahp_criteria_weight_ibfk_4` FOREIGN KEY (`id_hipotesis`) REFERENCES `hipotesis` (`id`)
) ENGINE=InnoDB DEFAULT CHARSET=latin1;

-- Dumping data for table db_choosepc.ahp_criteria_weight: ~141 rows (approximately)
/*!40000 ALTER TABLE `ahp_criteria_weight` DISABLE KEYS */;
REPLACE INTO `ahp_criteria_weight` (`id_hipotesis`, `id_component`, `id_criteria_1`, `id_criteria_2`, `point`, `weight`) VALUES
	(1, 'CM001', 'CT001', 'CT001', '0', 1),
	(1, 'CM001', 'CT001', 'CT002', '1', 5),
	(1, 'CM001', 'CT001', 'CT003', '1', 5),
	(1, 'CM001', 'CT001', 'CT004', '0', 5),
	(1, 'CM001', 'CT002', 'CT002', '0', 1),
	(1, 'CM001', 'CT002', 'CT003', '0', 1),
	(1, 'CM001', 'CT002', 'CT004', '0', 9),
	(1, 'CM001', 'CT003', 'CT003', '0', 1),
	(1, 'CM001', 'CT003', 'CT004', '0', 9),
	(1, 'CM001', 'CT004', 'CT004', '0', 1),
	(1, 'CM002', 'CT005', 'CT005', '0', 1),
	(1, 'CM002', 'CT005', 'CT006', '0', 1),
	(1, 'CM002', 'CT005', 'CT007', '0', 1),
	(1, 'CM002', 'CT006', 'CT006', '0', 1),
	(1, 'CM002', 'CT006', 'CT007', '0', 1),
	(1, 'CM002', 'CT007', 'CT007', '0', 1),
	(1, 'CM003', 'CT008', 'CT008', '0', 1),
	(1, 'CM003', 'CT008', 'CT010', '0', 1),
	(1, 'CM003', 'CT008', 'CT011', '0', 1),
	(1, 'CM003', 'CT008', 'CT012', '0', 1),
	(1, 'CM003', 'CT010', 'CT010', '0', 1),
	(1, 'CM003', 'CT010', 'CT011', '0', 1),
	(1, 'CM003', 'CT010', 'CT012', '0', 1),
	(1, 'CM003', 'CT011', 'CT011', '0', 1),
	(1, 'CM003', 'CT011', 'CT012', '0', 1),
	(1, 'CM003', 'CT012', 'CT012', '0', 1),
	(1, 'CM004', 'CT013', 'CT013', '0', 1),
	(1, 'CM004', 'CT013', 'CT014', '0', 1),
	(1, 'CM004', 'CT013', 'CT015', '0', 1),
	(1, 'CM004', 'CT013', 'CT016', '0', 1),
	(1, 'CM004', 'CT013', 'CT017', '0', 1),
	(1, 'CM004', 'CT014', 'CT014', '0', 1),
	(1, 'CM004', 'CT014', 'CT015', '0', 1),
	(1, 'CM004', 'CT014', 'CT016', '0', 1),
	(1, 'CM004', 'CT014', 'CT017', '0', 1),
	(1, 'CM004', 'CT015', 'CT015', '0', 1),
	(1, 'CM004', 'CT015', 'CT016', '0', 1),
	(1, 'CM004', 'CT015', 'CT017', '0', 1),
	(1, 'CM004', 'CT016', 'CT016', '0', 1),
	(1, 'CM004', 'CT016', 'CT017', '0', 1),
	(1, 'CM004', 'CT017', 'CT017', '0', 1),
	(1, 'CM005', 'CT019', 'CT019', '0', 1),
	(1, 'CM005', 'CT019', 'CT021', '0', 1),
	(1, 'CM005', 'CT019', 'CT022', '0', 1),
	(1, 'CM005', 'CT021', 'CT021', '0', 1),
	(1, 'CM005', 'CT021', 'CT022', '0', 1),
	(1, 'CM005', 'CT022', 'CT022', '0', 1),
	(2, 'CM001', 'CT001', 'CT001', '0', 1),
	(2, 'CM001', 'CT001', 'CT002', '1', 8),
	(2, 'CM001', 'CT001', 'CT003', '1', 8),
	(2, 'CM001', 'CT001', 'CT004', '0', 1),
	(2, 'CM001', 'CT002', 'CT002', '0', 1),
	(2, 'CM001', 'CT002', 'CT003', '0', 1),
	(2, 'CM001', 'CT002', 'CT004', '0', 1),
	(2, 'CM001', 'CT003', 'CT003', '0', 1),
	(2, 'CM001', 'CT003', 'CT004', '0', 1),
	(2, 'CM001', 'CT004', 'CT004', '0', 1),
	(2, 'CM002', 'CT005', 'CT005', '0', 1),
	(2, 'CM002', 'CT005', 'CT006', '0', 1),
	(2, 'CM002', 'CT005', 'CT007', '0', 1),
	(2, 'CM002', 'CT006', 'CT006', '0', 1),
	(2, 'CM002', 'CT006', 'CT007', '0', 1),
	(2, 'CM002', 'CT007', 'CT007', '0', 1),
	(2, 'CM003', 'CT008', 'CT008', '0', 1),
	(2, 'CM003', 'CT008', 'CT010', '0', 1),
	(2, 'CM003', 'CT008', 'CT011', '0', 1),
	(2, 'CM003', 'CT008', 'CT012', '0', 1),
	(2, 'CM003', 'CT010', 'CT010', '0', 1),
	(2, 'CM003', 'CT010', 'CT011', '0', 1),
	(2, 'CM003', 'CT010', 'CT012', '0', 1),
	(2, 'CM003', 'CT011', 'CT011', '0', 1),
	(2, 'CM003', 'CT011', 'CT012', '0', 1),
	(2, 'CM003', 'CT012', 'CT012', '0', 1),
	(2, 'CM004', 'CT013', 'CT013', '0', 1),
	(2, 'CM004', 'CT013', 'CT014', '0', 1),
	(2, 'CM004', 'CT013', 'CT015', '0', 1),
	(2, 'CM004', 'CT013', 'CT016', '0', 1),
	(2, 'CM004', 'CT013', 'CT017', '0', 1),
	(2, 'CM004', 'CT014', 'CT014', '0', 1),
	(2, 'CM004', 'CT014', 'CT015', '0', 1),
	(2, 'CM004', 'CT014', 'CT016', '0', 1),
	(2, 'CM004', 'CT014', 'CT017', '0', 1),
	(2, 'CM004', 'CT015', 'CT015', '0', 1),
	(2, 'CM004', 'CT015', 'CT016', '0', 1),
	(2, 'CM004', 'CT015', 'CT017', '0', 1),
	(2, 'CM004', 'CT016', 'CT016', '0', 1),
	(2, 'CM004', 'CT016', 'CT017', '0', 1),
	(2, 'CM004', 'CT017', 'CT017', '0', 1),
	(2, 'CM005', 'CT019', 'CT019', '0', 1),
	(2, 'CM005', 'CT019', 'CT021', '0', 1),
	(2, 'CM005', 'CT019', 'CT022', '0', 1),
	(2, 'CM005', 'CT021', 'CT021', '0', 1),
	(2, 'CM005', 'CT021', 'CT022', '0', 1),
	(2, 'CM005', 'CT022', 'CT022', '0', 1),
	(4, 'CM001', 'CT001', 'CT001', '0', 1),
	(4, 'CM001', 'CT001', 'CT002', '1', 2),
	(4, 'CM001', 'CT001', 'CT003', '1', 2),
	(4, 'CM001', 'CT001', 'CT004', '0', 1),
	(4, 'CM001', 'CT002', 'CT002', '0', 1),
	(4, 'CM001', 'CT002', 'CT003', '1', 2),
	(4, 'CM001', 'CT002', 'CT004', '0', 1),
	(4, 'CM001', 'CT003', 'CT003', '1', 1),
	(4, 'CM001', 'CT003', 'CT004', '0', 1),
	(4, 'CM001', 'CT004', 'CT004', '0', 1),
	(4, 'CM002', 'CT005', 'CT005', '0', 1),
	(4, 'CM002', 'CT005', 'CT006', '0', 1),
	(4, 'CM002', 'CT005', 'CT007', '0', 1),
	(4, 'CM002', 'CT006', 'CT006', '0', 1),
	(4, 'CM002', 'CT006', 'CT007', '0', 1),
	(4, 'CM002', 'CT007', 'CT007', '0', 1),
	(4, 'CM003', 'CT008', 'CT008', '0', 1),
	(4, 'CM003', 'CT008', 'CT010', '0', 1),
	(4, 'CM003', 'CT008', 'CT011', '0', 1),
	(4, 'CM003', 'CT008', 'CT012', '0', 1),
	(4, 'CM003', 'CT010', 'CT010', '0', 1),
	(4, 'CM003', 'CT010', 'CT011', '0', 1),
	(4, 'CM003', 'CT010', 'CT012', '0', 1),
	(4, 'CM003', 'CT011', 'CT011', '0', 1),
	(4, 'CM003', 'CT011', 'CT012', '0', 1),
	(4, 'CM003', 'CT012', 'CT012', '0', 1),
	(4, 'CM004', 'CT013', 'CT013', '0', 1),
	(4, 'CM004', 'CT013', 'CT014', '0', 1),
	(4, 'CM004', 'CT013', 'CT015', '0', 1),
	(4, 'CM004', 'CT013', 'CT016', '0', 1),
	(4, 'CM004', 'CT013', 'CT017', '0', 1),
	(4, 'CM004', 'CT014', 'CT014', '0', 1),
	(4, 'CM004', 'CT014', 'CT015', '0', 1),
	(4, 'CM004', 'CT014', 'CT016', '0', 1),
	(4, 'CM004', 'CT014', 'CT017', '0', 1),
	(4, 'CM004', 'CT015', 'CT015', '0', 1),
	(4, 'CM004', 'CT015', 'CT016', '0', 1),
	(4, 'CM004', 'CT015', 'CT017', '0', 1),
	(4, 'CM004', 'CT016', 'CT016', '0', 1),
	(4, 'CM004', 'CT016', 'CT017', '0', 1),
	(4, 'CM004', 'CT017', 'CT017', '0', 1),
	(4, 'CM005', 'CT019', 'CT019', '0', 1),
	(4, 'CM005', 'CT019', 'CT021', '0', 1),
	(4, 'CM005', 'CT019', 'CT022', '0', 1),
	(4, 'CM005', 'CT021', 'CT021', '0', 1),
	(4, 'CM005', 'CT021', 'CT022', '0', 1),
	(4, 'CM005', 'CT022', 'CT022', '0', 1);
/*!40000 ALTER TABLE `ahp_criteria_weight` ENABLE KEYS */;


-- Dumping structure for table db_choosepc.ahp_subcriteria
CREATE TABLE IF NOT EXISTS `ahp_subcriteria` (
  `id_sub` varchar(10) NOT NULL,
  `sub` varchar(50) DEFAULT NULL,
  `id_criteria` varchar(5) NOT NULL,
  PRIMARY KEY (`id_sub`),
  KEY `id_criteria` (`id_criteria`),
  CONSTRAINT `ahp_subcriteria_ibfk_1` FOREIGN KEY (`id_criteria`) REFERENCES `ahp_criteria` (`id_criteria`) ON DELETE CASCADE ON UPDATE CASCADE
) ENGINE=InnoDB DEFAULT CHARSET=latin1;

-- Dumping data for table db_choosepc.ahp_subcriteria: ~126 rows (approximately)
/*!40000 ALTER TABLE `ahp_subcriteria` DISABLE KEYS */;
REPLACE INTO `ahp_subcriteria` (`id_sub`, `sub`, `id_criteria`) VALUES
	('SC001', '1', 'CT002'),
	('SC002', '2', 'CT002'),
	('SC003', '4', 'CT002'),
	('SC004', '6', 'CT002'),
	('SC005', '8', 'CT002'),
	('SC006', '12', 'CT002'),
	('SC007', '1', 'CT003'),
	('SC008', '2', 'CT003'),
	('SC009', '4', 'CT003'),
	('SC010', '6', 'CT003'),
	('SC011', '8', 'CT003'),
	('SC012', '12', 'CT003'),
	('SC013', '256 KB', 'CT004'),
	('SC014', '512 KB', 'CT004'),
	('SC015', '1 MB', 'CT004'),
	('SC016', '2 MB', 'CT004'),
	('SC017', '1000 Mhz', 'CT001'),
	('SC018', '2000 Mhz', 'CT001'),
	('SC019', '3000 Mhz', 'CT001'),
	('SC020', '4000 Mhz', 'CT001'),
	('SC021', '990FX', 'CT005'),
	('SC022', '970A', 'CT005'),
	('SC023', '890FX', 'CT005'),
	('SC024', '880G', 'CT005'),
	('SC025', 'Z97', 'CT005'),
	('SC026', 'H87', 'CT005'),
	('SC027', 'H97', 'CT005'),
	('SC028', 'Z87', 'CT005'),
	('SC029', 'Q87', 'CT005'),
	('SC030', 'B85', 'CT005'),
	('SC031', 'X99', 'CT005'),
	('SC032', 'X79', 'CT005'),
	('SC033', 'A88X', 'CT005'),
	('SC034', 'A78', 'CT005'),
	('SC035', 'A58', 'CT005'),
	('SC036', 'A55', 'CT005'),
	('SC037', '1066 ', 'CT006'),
	('SC038', '1333', 'CT006'),
	('SC039', '1600', 'CT006'),
	('SC040', '1866', 'CT006'),
	('SC041', '2133', 'CT006'),
	('SC042', '2400', 'CT006'),
	('SC043', '2800', 'CT006'),
	('SC044', '2933+', 'CT006'),
	('SC045', '32', 'CT007'),
	('SC046', '16', 'CT007'),
	('SC047', '8', 'CT007'),
	('SC048', '4', 'CT007'),
	('SC049', '2', 'CT007'),
	('SC050', '1', 'CT007'),
	('SC051', '64', 'CT007'),
	('SC052', '128', 'CT007'),
	('SC053', '650 Mhz', 'CT008'),
	('SC054', '750 Mhz', 'CT008'),
	('SC055', '850 Mhz', 'CT008'),
	('SC056', '900 Mhz', 'CT008'),
	('SC057', '1000 Mhz', 'CT008'),
	('SC058', '512 MB', 'CT010'),
	('SC059', '1024 MB', 'CT010'),
	('SC060', '2048 MB', 'CT010'),
	('SC061', '64 bit', 'CT011'),
	('SC062', '128 bit', 'CT011'),
	('SC063', '192 bit', 'CT011'),
	('SC064', '256 bit', 'CT011'),
	('SC065', 'DDR 2', 'CT012'),
	('SC066', 'DDR 3', 'CT012'),
	('SC067', 'GDDR 3', 'CT012'),
	('SC068', 'GDDR 5', 'CT012'),
	('SC069', 'IDE/ATA', 'CT015'),
	('SC070', 'SATA', 'CT015'),
	('SC071', 'SSD', 'CT015'),
	('SC072', '500 GB', 'CT016'),
	('SC073', '1 TB', 'CT016'),
	('SC074', '2 TB', 'CT016'),
	('SC075', '3 TB', 'CT016'),
	('SC076', '4 TB', 'CT016'),
	('SC077', 'SATA 3.0 Gb/s', 'CT013'),
	('SC078', 'SATA 6.0 Gb/s', 'CT013'),
	('SC079', 'SAS 3.0 Gb/s', 'CT013'),
	('SC080', 'SAS 6.0 Gb/s', 'CT013'),
	('SC081', 'IDE', 'CT013'),
	('SC082', '7200 RPM', 'CT014'),
	('SC083', '10000 RPM', 'CT014'),
	('SC084', '10500 RPM', 'CT014'),
	('SC085', '15000 RPM', 'CT014'),
	('SC086', 'IntelliPower', 'CT014'),
	('SC087', '32 MB', 'CT017'),
	('SC088', '64 MB', 'CT017'),
	('SC089', '128 MB', 'CT017'),
	('SC090', '800', 'CT019'),
	('SC091', '1333', 'CT019'),
	('SC092', '1600', 'CT019'),
	('SC093', '1866', 'CT019'),
	('SC094', '2000', 'CT019'),
	('SC095', '8', 'CT021'),
	('SC096', '9', 'CT021'),
	('SC097', '10', 'CT021'),
	('SC098', '11', 'CT021'),
	('SC099', '12', 'CT021'),
	('SC100', '13', 'CT021'),
	('SC101', '1 GB', 'CT022'),
	('SC102', '2 GB', 'CT022'),
	('SC103', '4 GB', 'CT022'),
	('SC104', '8 GB', 'CT022'),
	('SC105', '3 MB', 'CT004'),
	('SC106', '4 MB', 'CT004'),
	('SC107', '5 MB', 'CT004'),
	('SC108', '6 MB', 'CT004'),
	('SC109', '10 MB', 'CT004'),
	('SC110', '8 MB', 'CT004'),
	('SC111', '4', 'CT021'),
	('SC112', '6', 'CT021'),
	('SC113', '2', 'CT021'),
	('SC114', '5300', 'CT019'),
	('SC115', '5', 'CT021'),
	('SC116', '6400', 'CT019'),
	('SC117', '12800', 'CT019'),
	('SC118', '10600', 'CT019'),
	('SC119', '750 GB', 'CT016'),
	('SC120', '16 MB', 'CT017'),
	('SC121', '4000', 'CT010'),
	('SC122', '4000 MB', 'CT010'),
	('SC123', '5900 RPM', 'CT014'),
	('SC124', '5400 RPM', 'CT014'),
	('SC125', '8 MB', 'CT017'),
	('SC126', '160GB', 'CT016');
/*!40000 ALTER TABLE `ahp_subcriteria` ENABLE KEYS */;


-- Dumping structure for table db_choosepc.ahp_subcriteria_weight
CREATE TABLE IF NOT EXISTS `ahp_subcriteria_weight` (
  `id_hipotesis` int(11) NOT NULL,
  `id_criteria` varchar(5) DEFAULT NULL,
  `ahp_subcriteria_1` varchar(10) DEFAULT NULL,
  `ahp_subcriteria_2` varchar(10) DEFAULT NULL,
  `point` enum('0','1') DEFAULT '0',
  `weight` int(11) DEFAULT '1',
  UNIQUE KEY `id_hipotesis_2` (`id_hipotesis`,`id_criteria`,`ahp_subcriteria_1`,`ahp_subcriteria_2`),
  KEY `FK_ahp_subcriteria_weight_ahp_criteria` (`id_criteria`),
  KEY `FK_ahp_subcriteria_weight_ahp_subcriteria` (`ahp_subcriteria_1`),
  KEY `FK_ahp_subcriteria_weight_ahp_subcriteria_2` (`ahp_subcriteria_2`),
  KEY `id_hipotesis` (`id_hipotesis`),
  CONSTRAINT `FK_ahp_subcriteria_weight_ahp_criteria` FOREIGN KEY (`id_criteria`) REFERENCES `ahp_criteria` (`id_criteria`) ON DELETE CASCADE ON UPDATE CASCADE,
  CONSTRAINT `FK_ahp_subcriteria_weight_ahp_subcriteria` FOREIGN KEY (`ahp_subcriteria_1`) REFERENCES `ahp_subcriteria` (`id_sub`) ON DELETE CASCADE ON UPDATE CASCADE,
  CONSTRAINT `FK_ahp_subcriteria_weight_ahp_subcriteria_2` FOREIGN KEY (`ahp_subcriteria_2`) REFERENCES `ahp_subcriteria` (`id_sub`) ON DELETE CASCADE ON UPDATE CASCADE,
  CONSTRAINT `ahp_subcriteria_weight_ibfk_1` FOREIGN KEY (`id_hipotesis`) REFERENCES `hipotesis` (`id`) ON DELETE CASCADE ON UPDATE CASCADE
) ENGINE=InnoDB DEFAULT CHARSET=latin1;

-- Dumping data for table db_choosepc.ahp_subcriteria_weight: ~1,701 rows (approximately)
/*!40000 ALTER TABLE `ahp_subcriteria_weight` DISABLE KEYS */;
REPLACE INTO `ahp_subcriteria_weight` (`id_hipotesis`, `id_criteria`, `ahp_subcriteria_1`, `ahp_subcriteria_2`, `point`, `weight`) VALUES
	(4, 'CT002', 'SC001', 'SC001', '0', 1),
	(4, 'CT002', 'SC001', 'SC002', '0', 2),
	(4, 'CT002', 'SC001', 'SC003', '0', 3),
	(4, 'CT002', 'SC001', 'SC004', '0', 4),
	(4, 'CT002', 'SC001', 'SC005', '0', 5),
	(4, 'CT002', 'SC001', 'SC006', '0', 6),
	(4, 'CT002', 'SC002', 'SC002', '0', 1),
	(4, 'CT002', 'SC002', 'SC003', '0', 2),
	(4, 'CT002', 'SC002', 'SC004', '0', 3),
	(4, 'CT002', 'SC002', 'SC005', '0', 4),
	(4, 'CT002', 'SC002', 'SC006', '0', 5),
	(4, 'CT002', 'SC003', 'SC003', '0', 1),
	(4, 'CT002', 'SC003', 'SC004', '0', 2),
	(4, 'CT002', 'SC003', 'SC005', '0', 3),
	(4, 'CT002', 'SC003', 'SC006', '0', 4),
	(4, 'CT002', 'SC004', 'SC004', '0', 1),
	(4, 'CT002', 'SC004', 'SC005', '0', 2),
	(4, 'CT002', 'SC004', 'SC006', '0', 3),
	(4, 'CT002', 'SC005', 'SC005', '0', 1),
	(4, 'CT002', 'SC005', 'SC006', '0', 2),
	(4, 'CT002', 'SC006', 'SC006', '0', 1),
	(4, 'CT003', 'SC007', 'SC007', '0', 1),
	(4, 'CT003', 'SC007', 'SC008', '0', 2),
	(4, 'CT003', 'SC007', 'SC009', '0', 3),
	(4, 'CT003', 'SC007', 'SC010', '0', 4),
	(4, 'CT003', 'SC007', 'SC011', '0', 5),
	(4, 'CT003', 'SC007', 'SC012', '0', 6),
	(4, 'CT003', 'SC008', 'SC008', '0', 1),
	(4, 'CT003', 'SC008', 'SC009', '0', 2),
	(4, 'CT003', 'SC008', 'SC010', '0', 3),
	(4, 'CT003', 'SC008', 'SC011', '0', 4),
	(4, 'CT003', 'SC008', 'SC012', '0', 5),
	(4, 'CT003', 'SC009', 'SC009', '0', 1),
	(4, 'CT003', 'SC009', 'SC010', '0', 2),
	(4, 'CT003', 'SC009', 'SC011', '0', 3),
	(4, 'CT003', 'SC009', 'SC012', '0', 4),
	(4, 'CT003', 'SC010', 'SC010', '0', 1),
	(4, 'CT003', 'SC010', 'SC011', '0', 2),
	(4, 'CT003', 'SC010', 'SC012', '0', 3),
	(4, 'CT003', 'SC011', 'SC011', '0', 1),
	(4, 'CT003', 'SC011', 'SC012', '0', 2),
	(4, 'CT003', 'SC012', 'SC012', '0', 1),
	(4, 'CT004', 'SC013', 'SC013', '0', 1),
	(4, 'CT004', 'SC013', 'SC014', '0', 2),
	(4, 'CT004', 'SC013', 'SC015', '0', 3),
	(4, 'CT004', 'SC013', 'SC016', '0', 6),
	(4, 'CT004', 'SC014', 'SC014', '0', 1),
	(4, 'CT004', 'SC014', 'SC015', '0', 2),
	(4, 'CT004', 'SC014', 'SC016', '0', 4),
	(4, 'CT004', 'SC015', 'SC015', '0', 1),
	(4, 'CT004', 'SC015', 'SC016', '0', 2),
	(4, 'CT004', 'SC016', 'SC016', '0', 1),
	(4, 'CT001', 'SC017', 'SC017', '0', 1),
	(4, 'CT001', 'SC017', 'SC018', '1', 2),
	(4, 'CT001', 'SC017', 'SC019', '1', 4),
	(4, 'CT001', 'SC017', 'SC020', '1', 6),
	(4, 'CT001', 'SC018', 'SC018', '0', 1),
	(4, 'CT001', 'SC018', 'SC019', '1', 2),
	(4, 'CT001', 'SC018', 'SC020', '1', 2),
	(4, 'CT001', 'SC019', 'SC019', '0', 1),
	(4, 'CT001', 'SC019', 'SC020', '0', 1),
	(4, 'CT001', 'SC020', 'SC020', '0', 1),
	(1, 'CT001', 'SC017', 'SC017', '0', 1),
	(1, 'CT001', 'SC017', 'SC018', '0', 2),
	(1, 'CT001', 'SC017', 'SC019', '0', 3),
	(1, 'CT001', 'SC017', 'SC020', '0', 5),
	(1, 'CT001', 'SC018', 'SC018', '0', 1),
	(1, 'CT001', 'SC018', 'SC019', '0', 2),
	(1, 'CT001', 'SC018', 'SC020', '0', 3),
	(1, 'CT001', 'SC019', 'SC019', '0', 1),
	(1, 'CT001', 'SC019', 'SC020', '0', 2),
	(1, 'CT001', 'SC020', 'SC020', '0', 1),
	(1, 'CT002', 'SC001', 'SC001', '0', 1),
	(1, 'CT002', 'SC001', 'SC002', '0', 1),
	(1, 'CT002', 'SC001', 'SC003', '0', 1),
	(1, 'CT002', 'SC001', 'SC004', '0', 1),
	(1, 'CT002', 'SC001', 'SC005', '0', 1),
	(1, 'CT002', 'SC001', 'SC006', '0', 1),
	(1, 'CT002', 'SC002', 'SC002', '0', 1),
	(1, 'CT002', 'SC002', 'SC003', '0', 1),
	(1, 'CT002', 'SC002', 'SC004', '0', 1),
	(1, 'CT002', 'SC002', 'SC005', '0', 1),
	(1, 'CT002', 'SC002', 'SC006', '0', 1),
	(1, 'CT002', 'SC003', 'SC003', '0', 1),
	(1, 'CT002', 'SC003', 'SC004', '0', 1),
	(1, 'CT002', 'SC003', 'SC005', '0', 1),
	(1, 'CT002', 'SC003', 'SC006', '0', 1),
	(1, 'CT002', 'SC004', 'SC004', '0', 1),
	(1, 'CT002', 'SC004', 'SC005', '0', 1),
	(1, 'CT002', 'SC004', 'SC006', '0', 1),
	(1, 'CT002', 'SC005', 'SC005', '0', 1),
	(1, 'CT002', 'SC005', 'SC006', '0', 1),
	(1, 'CT002', 'SC006', 'SC006', '0', 1),
	(1, 'CT003', 'SC007', 'SC007', '0', 1),
	(1, 'CT003', 'SC007', 'SC008', '0', 2),
	(1, 'CT003', 'SC007', 'SC009', '0', 3),
	(1, 'CT003', 'SC007', 'SC010', '0', 4),
	(1, 'CT003', 'SC007', 'SC011', '0', 5),
	(1, 'CT003', 'SC007', 'SC012', '0', 6),
	(1, 'CT003', 'SC008', 'SC008', '0', 1),
	(1, 'CT003', 'SC008', 'SC009', '0', 2),
	(1, 'CT003', 'SC008', 'SC010', '0', 3),
	(1, 'CT003', 'SC008', 'SC011', '0', 4),
	(1, 'CT003', 'SC008', 'SC012', '0', 5),
	(1, 'CT003', 'SC009', 'SC009', '0', 1),
	(1, 'CT003', 'SC009', 'SC010', '0', 2),
	(1, 'CT003', 'SC009', 'SC011', '0', 3),
	(1, 'CT003', 'SC009', 'SC012', '0', 4),
	(1, 'CT003', 'SC010', 'SC010', '0', 1),
	(1, 'CT003', 'SC010', 'SC011', '0', 2),
	(1, 'CT003', 'SC010', 'SC012', '0', 3),
	(1, 'CT003', 'SC011', 'SC011', '0', 1),
	(1, 'CT003', 'SC011', 'SC012', '0', 2),
	(1, 'CT003', 'SC012', 'SC012', '0', 1),
	(1, 'CT004', 'SC013', 'SC013', '0', 1),
	(1, 'CT004', 'SC013', 'SC014', '0', 2),
	(1, 'CT004', 'SC013', 'SC015', '0', 3),
	(1, 'CT004', 'SC013', 'SC016', '0', 4),
	(1, 'CT004', 'SC014', 'SC014', '0', 1),
	(1, 'CT004', 'SC014', 'SC015', '0', 2),
	(1, 'CT004', 'SC014', 'SC016', '0', 3),
	(1, 'CT004', 'SC015', 'SC015', '0', 1),
	(1, 'CT004', 'SC015', 'SC016', '0', 1),
	(1, 'CT004', 'SC016', 'SC016', '0', 1),
	(2, 'CT001', 'SC017', 'SC017', '0', 1),
	(2, 'CT001', 'SC017', 'SC018', '0', 1),
	(2, 'CT001', 'SC017', 'SC019', '0', 1),
	(2, 'CT001', 'SC017', 'SC020', '0', 1),
	(2, 'CT001', 'SC018', 'SC018', '0', 1),
	(2, 'CT001', 'SC018', 'SC019', '0', 1),
	(2, 'CT001', 'SC018', 'SC020', '0', 1),
	(2, 'CT001', 'SC019', 'SC019', '0', 1),
	(2, 'CT001', 'SC019', 'SC020', '0', 1),
	(2, 'CT001', 'SC020', 'SC020', '0', 1),
	(2, 'CT002', 'SC001', 'SC001', '0', 1),
	(2, 'CT002', 'SC001', 'SC002', '0', 1),
	(2, 'CT002', 'SC001', 'SC003', '0', 1),
	(2, 'CT002', 'SC001', 'SC004', '0', 1),
	(2, 'CT002', 'SC001', 'SC005', '0', 1),
	(2, 'CT002', 'SC001', 'SC006', '0', 1),
	(2, 'CT002', 'SC002', 'SC002', '0', 1),
	(2, 'CT002', 'SC002', 'SC003', '0', 1),
	(2, 'CT002', 'SC002', 'SC004', '0', 1),
	(2, 'CT002', 'SC002', 'SC005', '0', 1),
	(2, 'CT002', 'SC002', 'SC006', '0', 1),
	(2, 'CT002', 'SC003', 'SC003', '0', 1),
	(2, 'CT002', 'SC003', 'SC004', '0', 1),
	(2, 'CT002', 'SC003', 'SC005', '0', 1),
	(2, 'CT002', 'SC003', 'SC006', '0', 1),
	(2, 'CT002', 'SC004', 'SC004', '0', 1),
	(2, 'CT002', 'SC004', 'SC005', '0', 1),
	(2, 'CT002', 'SC004', 'SC006', '0', 1),
	(2, 'CT002', 'SC005', 'SC005', '0', 1),
	(2, 'CT002', 'SC005', 'SC006', '0', 1),
	(2, 'CT002', 'SC006', 'SC006', '0', 1),
	(2, 'CT003', 'SC007', 'SC007', '0', 1),
	(2, 'CT003', 'SC007', 'SC008', '0', 1),
	(2, 'CT003', 'SC007', 'SC009', '0', 1),
	(2, 'CT003', 'SC007', 'SC010', '0', 1),
	(2, 'CT003', 'SC007', 'SC011', '0', 1),
	(2, 'CT003', 'SC007', 'SC012', '0', 1),
	(2, 'CT003', 'SC008', 'SC008', '0', 1),
	(2, 'CT003', 'SC008', 'SC009', '0', 1),
	(2, 'CT003', 'SC008', 'SC010', '0', 1),
	(2, 'CT003', 'SC008', 'SC011', '0', 1),
	(2, 'CT003', 'SC008', 'SC012', '0', 1),
	(2, 'CT003', 'SC009', 'SC009', '0', 1),
	(2, 'CT003', 'SC009', 'SC010', '0', 1),
	(2, 'CT003', 'SC009', 'SC011', '0', 1),
	(2, 'CT003', 'SC009', 'SC012', '0', 1),
	(2, 'CT003', 'SC010', 'SC010', '0', 1),
	(2, 'CT003', 'SC010', 'SC011', '0', 1),
	(2, 'CT003', 'SC010', 'SC012', '0', 1),
	(2, 'CT003', 'SC011', 'SC011', '0', 1),
	(2, 'CT003', 'SC011', 'SC012', '0', 1),
	(2, 'CT003', 'SC012', 'SC012', '0', 1),
	(2, 'CT004', 'SC013', 'SC013', '0', 1),
	(2, 'CT004', 'SC013', 'SC014', '0', 1),
	(2, 'CT004', 'SC013', 'SC015', '0', 1),
	(2, 'CT004', 'SC013', 'SC016', '0', 1),
	(2, 'CT004', 'SC014', 'SC014', '0', 1),
	(2, 'CT004', 'SC014', 'SC015', '0', 1),
	(2, 'CT004', 'SC014', 'SC016', '0', 1),
	(2, 'CT004', 'SC015', 'SC015', '0', 1),
	(2, 'CT004', 'SC015', 'SC016', '0', 1),
	(2, 'CT004', 'SC016', 'SC016', '0', 1),
	(1, 'CT005', 'SC021', 'SC021', '0', 1),
	(1, 'CT005', 'SC021', 'SC022', '0', 1),
	(1, 'CT005', 'SC021', 'SC023', '0', 1),
	(1, 'CT005', 'SC021', 'SC024', '0', 1),
	(1, 'CT005', 'SC021', 'SC025', '0', 1),
	(1, 'CT005', 'SC021', 'SC026', '0', 1),
	(1, 'CT005', 'SC021', 'SC027', '0', 1),
	(1, 'CT005', 'SC021', 'SC028', '0', 1),
	(1, 'CT005', 'SC021', 'SC029', '0', 1),
	(1, 'CT005', 'SC021', 'SC030', '0', 1),
	(1, 'CT005', 'SC021', 'SC031', '0', 1),
	(1, 'CT005', 'SC021', 'SC032', '0', 1),
	(1, 'CT005', 'SC021', 'SC033', '0', 1),
	(1, 'CT005', 'SC021', 'SC034', '0', 1),
	(1, 'CT005', 'SC021', 'SC035', '0', 1),
	(1, 'CT005', 'SC021', 'SC036', '0', 1),
	(1, 'CT005', 'SC022', 'SC022', '0', 1),
	(1, 'CT005', 'SC022', 'SC023', '0', 1),
	(1, 'CT005', 'SC022', 'SC024', '0', 1),
	(1, 'CT005', 'SC022', 'SC025', '0', 1),
	(1, 'CT005', 'SC022', 'SC026', '0', 1),
	(1, 'CT005', 'SC022', 'SC027', '0', 1),
	(1, 'CT005', 'SC022', 'SC028', '0', 1),
	(1, 'CT005', 'SC022', 'SC029', '0', 1),
	(1, 'CT005', 'SC022', 'SC030', '0', 1),
	(1, 'CT005', 'SC022', 'SC031', '0', 1),
	(1, 'CT005', 'SC022', 'SC032', '0', 1),
	(1, 'CT005', 'SC022', 'SC033', '0', 1),
	(1, 'CT005', 'SC022', 'SC034', '0', 1),
	(1, 'CT005', 'SC022', 'SC035', '0', 1),
	(1, 'CT005', 'SC022', 'SC036', '0', 1),
	(1, 'CT005', 'SC023', 'SC023', '0', 1),
	(1, 'CT005', 'SC023', 'SC024', '0', 1),
	(1, 'CT005', 'SC023', 'SC025', '0', 1),
	(1, 'CT005', 'SC023', 'SC026', '0', 1),
	(1, 'CT005', 'SC023', 'SC027', '0', 1),
	(1, 'CT005', 'SC023', 'SC028', '0', 1),
	(1, 'CT005', 'SC023', 'SC029', '0', 1),
	(1, 'CT005', 'SC023', 'SC030', '0', 1),
	(1, 'CT005', 'SC023', 'SC031', '0', 1),
	(1, 'CT005', 'SC023', 'SC032', '0', 1),
	(1, 'CT005', 'SC023', 'SC033', '0', 1),
	(1, 'CT005', 'SC023', 'SC034', '0', 1),
	(1, 'CT005', 'SC023', 'SC035', '0', 1),
	(1, 'CT005', 'SC023', 'SC036', '0', 1),
	(1, 'CT005', 'SC024', 'SC024', '0', 1),
	(1, 'CT005', 'SC024', 'SC025', '0', 1),
	(1, 'CT005', 'SC024', 'SC026', '0', 1),
	(1, 'CT005', 'SC024', 'SC027', '0', 1),
	(1, 'CT005', 'SC024', 'SC028', '0', 1),
	(1, 'CT005', 'SC024', 'SC029', '0', 1),
	(1, 'CT005', 'SC024', 'SC030', '0', 1),
	(1, 'CT005', 'SC024', 'SC031', '0', 1),
	(1, 'CT005', 'SC024', 'SC032', '0', 1),
	(1, 'CT005', 'SC024', 'SC033', '0', 1),
	(1, 'CT005', 'SC024', 'SC034', '0', 1),
	(1, 'CT005', 'SC024', 'SC035', '0', 1),
	(1, 'CT005', 'SC024', 'SC036', '0', 1),
	(1, 'CT005', 'SC025', 'SC025', '0', 1),
	(1, 'CT005', 'SC025', 'SC026', '0', 1),
	(1, 'CT005', 'SC025', 'SC027', '0', 1),
	(1, 'CT005', 'SC025', 'SC028', '0', 1),
	(1, 'CT005', 'SC025', 'SC029', '0', 1),
	(1, 'CT005', 'SC025', 'SC030', '0', 1),
	(1, 'CT005', 'SC025', 'SC031', '0', 1),
	(1, 'CT005', 'SC025', 'SC032', '0', 1),
	(1, 'CT005', 'SC025', 'SC033', '0', 1),
	(1, 'CT005', 'SC025', 'SC034', '0', 1),
	(1, 'CT005', 'SC025', 'SC035', '0', 1),
	(1, 'CT005', 'SC025', 'SC036', '0', 1),
	(1, 'CT005', 'SC026', 'SC026', '0', 1),
	(1, 'CT005', 'SC026', 'SC027', '0', 1),
	(1, 'CT005', 'SC026', 'SC028', '0', 1),
	(1, 'CT005', 'SC026', 'SC029', '0', 1),
	(1, 'CT005', 'SC026', 'SC030', '0', 1),
	(1, 'CT005', 'SC026', 'SC031', '0', 1),
	(1, 'CT005', 'SC026', 'SC032', '0', 1),
	(1, 'CT005', 'SC026', 'SC033', '0', 1),
	(1, 'CT005', 'SC026', 'SC034', '0', 1),
	(1, 'CT005', 'SC026', 'SC035', '0', 1),
	(1, 'CT005', 'SC026', 'SC036', '0', 1),
	(1, 'CT005', 'SC027', 'SC027', '0', 1),
	(1, 'CT005', 'SC027', 'SC028', '0', 1),
	(1, 'CT005', 'SC027', 'SC029', '0', 1),
	(1, 'CT005', 'SC027', 'SC030', '0', 1),
	(1, 'CT005', 'SC027', 'SC031', '0', 1),
	(1, 'CT005', 'SC027', 'SC032', '0', 1),
	(1, 'CT005', 'SC027', 'SC033', '0', 1),
	(1, 'CT005', 'SC027', 'SC034', '0', 1),
	(1, 'CT005', 'SC027', 'SC035', '0', 1),
	(1, 'CT005', 'SC027', 'SC036', '0', 1),
	(1, 'CT005', 'SC028', 'SC028', '0', 1),
	(1, 'CT005', 'SC028', 'SC029', '0', 1),
	(1, 'CT005', 'SC028', 'SC030', '0', 1),
	(1, 'CT005', 'SC028', 'SC031', '0', 1),
	(1, 'CT005', 'SC028', 'SC032', '0', 1),
	(1, 'CT005', 'SC028', 'SC033', '0', 1),
	(1, 'CT005', 'SC028', 'SC034', '0', 1),
	(1, 'CT005', 'SC028', 'SC035', '0', 1),
	(1, 'CT005', 'SC028', 'SC036', '0', 1),
	(1, 'CT005', 'SC029', 'SC029', '0', 1),
	(1, 'CT005', 'SC029', 'SC030', '0', 1),
	(1, 'CT005', 'SC029', 'SC031', '0', 1),
	(1, 'CT005', 'SC029', 'SC032', '0', 1),
	(1, 'CT005', 'SC029', 'SC033', '0', 1),
	(1, 'CT005', 'SC029', 'SC034', '0', 1),
	(1, 'CT005', 'SC029', 'SC035', '0', 1),
	(1, 'CT005', 'SC029', 'SC036', '0', 1),
	(1, 'CT005', 'SC030', 'SC030', '0', 1),
	(1, 'CT005', 'SC030', 'SC031', '0', 1),
	(1, 'CT005', 'SC030', 'SC032', '0', 1),
	(1, 'CT005', 'SC030', 'SC033', '0', 1),
	(1, 'CT005', 'SC030', 'SC034', '0', 1),
	(1, 'CT005', 'SC030', 'SC035', '0', 1),
	(1, 'CT005', 'SC030', 'SC036', '0', 1),
	(1, 'CT005', 'SC031', 'SC031', '0', 1),
	(1, 'CT005', 'SC031', 'SC032', '0', 1),
	(1, 'CT005', 'SC031', 'SC033', '0', 1),
	(1, 'CT005', 'SC031', 'SC034', '0', 1),
	(1, 'CT005', 'SC031', 'SC035', '0', 1),
	(1, 'CT005', 'SC031', 'SC036', '0', 1),
	(1, 'CT005', 'SC032', 'SC032', '0', 1),
	(1, 'CT005', 'SC032', 'SC033', '0', 1),
	(1, 'CT005', 'SC032', 'SC034', '0', 1),
	(1, 'CT005', 'SC032', 'SC035', '0', 1),
	(1, 'CT005', 'SC032', 'SC036', '0', 1),
	(1, 'CT005', 'SC033', 'SC033', '0', 1),
	(1, 'CT005', 'SC033', 'SC034', '0', 1),
	(1, 'CT005', 'SC033', 'SC035', '0', 1),
	(1, 'CT005', 'SC033', 'SC036', '0', 1),
	(1, 'CT005', 'SC034', 'SC034', '0', 1),
	(1, 'CT005', 'SC034', 'SC035', '0', 1),
	(1, 'CT005', 'SC034', 'SC036', '0', 1),
	(1, 'CT005', 'SC035', 'SC035', '0', 1),
	(1, 'CT005', 'SC035', 'SC036', '0', 1),
	(1, 'CT005', 'SC036', 'SC036', '0', 1),
	(1, 'CT006', 'SC037', 'SC037', '0', 1),
	(1, 'CT006', 'SC037', 'SC038', '0', 1),
	(1, 'CT006', 'SC037', 'SC039', '0', 1),
	(1, 'CT006', 'SC037', 'SC040', '0', 1),
	(1, 'CT006', 'SC037', 'SC041', '0', 1),
	(1, 'CT006', 'SC037', 'SC042', '0', 1),
	(1, 'CT006', 'SC037', 'SC043', '0', 1),
	(1, 'CT006', 'SC037', 'SC044', '0', 1),
	(1, 'CT006', 'SC038', 'SC038', '0', 1),
	(1, 'CT006', 'SC038', 'SC039', '0', 1),
	(1, 'CT006', 'SC038', 'SC040', '0', 1),
	(1, 'CT006', 'SC038', 'SC041', '0', 1),
	(1, 'CT006', 'SC038', 'SC042', '0', 1),
	(1, 'CT006', 'SC038', 'SC043', '0', 1),
	(1, 'CT006', 'SC038', 'SC044', '0', 1),
	(1, 'CT006', 'SC039', 'SC039', '0', 1),
	(1, 'CT006', 'SC039', 'SC040', '0', 1),
	(1, 'CT006', 'SC039', 'SC041', '0', 1),
	(1, 'CT006', 'SC039', 'SC042', '0', 1),
	(1, 'CT006', 'SC039', 'SC043', '0', 1),
	(1, 'CT006', 'SC039', 'SC044', '0', 1),
	(1, 'CT006', 'SC040', 'SC040', '0', 1),
	(1, 'CT006', 'SC040', 'SC041', '0', 1),
	(1, 'CT006', 'SC040', 'SC042', '0', 1),
	(1, 'CT006', 'SC040', 'SC043', '0', 1),
	(1, 'CT006', 'SC040', 'SC044', '0', 1),
	(1, 'CT006', 'SC041', 'SC041', '0', 1),
	(1, 'CT006', 'SC041', 'SC042', '0', 1),
	(1, 'CT006', 'SC041', 'SC043', '0', 1),
	(1, 'CT006', 'SC041', 'SC044', '0', 1),
	(1, 'CT006', 'SC042', 'SC042', '0', 1),
	(1, 'CT006', 'SC042', 'SC043', '0', 1),
	(1, 'CT006', 'SC042', 'SC044', '0', 1),
	(1, 'CT006', 'SC043', 'SC043', '0', 1),
	(1, 'CT006', 'SC043', 'SC044', '0', 1),
	(1, 'CT006', 'SC044', 'SC044', '0', 1),
	(1, 'CT007', 'SC045', 'SC045', '0', 1),
	(1, 'CT007', 'SC045', 'SC046', '0', 1),
	(1, 'CT007', 'SC045', 'SC047', '0', 1),
	(1, 'CT007', 'SC045', 'SC048', '0', 1),
	(1, 'CT007', 'SC045', 'SC049', '0', 1),
	(1, 'CT007', 'SC045', 'SC050', '0', 1),
	(1, 'CT007', 'SC045', 'SC051', '0', 1),
	(1, 'CT007', 'SC045', 'SC052', '0', 1),
	(1, 'CT007', 'SC046', 'SC046', '0', 1),
	(1, 'CT007', 'SC046', 'SC047', '0', 1),
	(1, 'CT007', 'SC046', 'SC048', '0', 1),
	(1, 'CT007', 'SC046', 'SC049', '0', 1),
	(1, 'CT007', 'SC046', 'SC050', '0', 1),
	(1, 'CT007', 'SC046', 'SC051', '0', 1),
	(1, 'CT007', 'SC046', 'SC052', '0', 1),
	(1, 'CT007', 'SC047', 'SC047', '0', 1),
	(1, 'CT007', 'SC047', 'SC048', '0', 1),
	(1, 'CT007', 'SC047', 'SC049', '0', 1),
	(1, 'CT007', 'SC047', 'SC050', '0', 1),
	(1, 'CT007', 'SC047', 'SC051', '0', 1),
	(1, 'CT007', 'SC047', 'SC052', '0', 1),
	(1, 'CT007', 'SC048', 'SC048', '0', 1),
	(1, 'CT007', 'SC048', 'SC049', '0', 1),
	(1, 'CT007', 'SC048', 'SC050', '0', 1),
	(1, 'CT007', 'SC048', 'SC051', '0', 1),
	(1, 'CT007', 'SC048', 'SC052', '0', 1),
	(1, 'CT007', 'SC049', 'SC049', '0', 1),
	(1, 'CT007', 'SC049', 'SC050', '0', 1),
	(1, 'CT007', 'SC049', 'SC051', '0', 1),
	(1, 'CT007', 'SC049', 'SC052', '0', 1),
	(1, 'CT007', 'SC050', 'SC050', '0', 1),
	(1, 'CT007', 'SC050', 'SC051', '0', 1),
	(1, 'CT007', 'SC050', 'SC052', '0', 1),
	(1, 'CT007', 'SC051', 'SC051', '0', 1),
	(1, 'CT007', 'SC051', 'SC052', '0', 1),
	(1, 'CT007', 'SC052', 'SC052', '0', 1),
	(2, 'CT005', 'SC021', 'SC021', '0', 1),
	(2, 'CT005', 'SC021', 'SC022', '0', 1),
	(2, 'CT005', 'SC021', 'SC023', '0', 1),
	(2, 'CT005', 'SC021', 'SC024', '0', 1),
	(2, 'CT005', 'SC021', 'SC025', '0', 1),
	(2, 'CT005', 'SC021', 'SC026', '0', 1),
	(2, 'CT005', 'SC021', 'SC027', '0', 1),
	(2, 'CT005', 'SC021', 'SC028', '0', 1),
	(2, 'CT005', 'SC021', 'SC029', '0', 1),
	(2, 'CT005', 'SC021', 'SC030', '0', 1),
	(2, 'CT005', 'SC021', 'SC031', '0', 1),
	(2, 'CT005', 'SC021', 'SC032', '0', 1),
	(2, 'CT005', 'SC021', 'SC033', '0', 1),
	(2, 'CT005', 'SC021', 'SC034', '0', 1),
	(2, 'CT005', 'SC021', 'SC035', '0', 1),
	(2, 'CT005', 'SC021', 'SC036', '0', 1),
	(2, 'CT005', 'SC022', 'SC022', '0', 1),
	(2, 'CT005', 'SC022', 'SC023', '0', 1),
	(2, 'CT005', 'SC022', 'SC024', '0', 1),
	(2, 'CT005', 'SC022', 'SC025', '0', 1),
	(2, 'CT005', 'SC022', 'SC026', '0', 1),
	(2, 'CT005', 'SC022', 'SC027', '0', 1),
	(2, 'CT005', 'SC022', 'SC028', '0', 1),
	(2, 'CT005', 'SC022', 'SC029', '0', 1),
	(2, 'CT005', 'SC022', 'SC030', '0', 1),
	(2, 'CT005', 'SC022', 'SC031', '0', 1),
	(2, 'CT005', 'SC022', 'SC032', '0', 1),
	(2, 'CT005', 'SC022', 'SC033', '0', 1),
	(2, 'CT005', 'SC022', 'SC034', '0', 1),
	(2, 'CT005', 'SC022', 'SC035', '0', 1),
	(2, 'CT005', 'SC022', 'SC036', '0', 1),
	(2, 'CT005', 'SC023', 'SC023', '0', 1),
	(2, 'CT005', 'SC023', 'SC024', '0', 1),
	(2, 'CT005', 'SC023', 'SC025', '0', 1),
	(2, 'CT005', 'SC023', 'SC026', '0', 1),
	(2, 'CT005', 'SC023', 'SC027', '0', 1),
	(2, 'CT005', 'SC023', 'SC028', '0', 1),
	(2, 'CT005', 'SC023', 'SC029', '0', 1),
	(2, 'CT005', 'SC023', 'SC030', '0', 1),
	(2, 'CT005', 'SC023', 'SC031', '0', 1),
	(2, 'CT005', 'SC023', 'SC032', '0', 1),
	(2, 'CT005', 'SC023', 'SC033', '0', 1),
	(2, 'CT005', 'SC023', 'SC034', '0', 1),
	(2, 'CT005', 'SC023', 'SC035', '0', 1),
	(2, 'CT005', 'SC023', 'SC036', '0', 1),
	(2, 'CT005', 'SC024', 'SC024', '0', 1),
	(2, 'CT005', 'SC024', 'SC025', '0', 1),
	(2, 'CT005', 'SC024', 'SC026', '0', 1),
	(2, 'CT005', 'SC024', 'SC027', '0', 1),
	(2, 'CT005', 'SC024', 'SC028', '0', 1),
	(2, 'CT005', 'SC024', 'SC029', '0', 1),
	(2, 'CT005', 'SC024', 'SC030', '0', 1),
	(2, 'CT005', 'SC024', 'SC031', '0', 1),
	(2, 'CT005', 'SC024', 'SC032', '0', 1),
	(2, 'CT005', 'SC024', 'SC033', '0', 1),
	(2, 'CT005', 'SC024', 'SC034', '0', 1),
	(2, 'CT005', 'SC024', 'SC035', '0', 1),
	(2, 'CT005', 'SC024', 'SC036', '0', 1),
	(2, 'CT005', 'SC025', 'SC025', '0', 1),
	(2, 'CT005', 'SC025', 'SC026', '0', 1),
	(2, 'CT005', 'SC025', 'SC027', '0', 1),
	(2, 'CT005', 'SC025', 'SC028', '0', 1),
	(2, 'CT005', 'SC025', 'SC029', '0', 1),
	(2, 'CT005', 'SC025', 'SC030', '0', 1),
	(2, 'CT005', 'SC025', 'SC031', '0', 1),
	(2, 'CT005', 'SC025', 'SC032', '0', 1),
	(2, 'CT005', 'SC025', 'SC033', '0', 1),
	(2, 'CT005', 'SC025', 'SC034', '0', 1),
	(2, 'CT005', 'SC025', 'SC035', '0', 1),
	(2, 'CT005', 'SC025', 'SC036', '0', 1),
	(2, 'CT005', 'SC026', 'SC026', '0', 1),
	(2, 'CT005', 'SC026', 'SC027', '0', 1),
	(2, 'CT005', 'SC026', 'SC028', '0', 1),
	(2, 'CT005', 'SC026', 'SC029', '0', 1),
	(2, 'CT005', 'SC026', 'SC030', '0', 1),
	(2, 'CT005', 'SC026', 'SC031', '0', 1),
	(2, 'CT005', 'SC026', 'SC032', '0', 1),
	(2, 'CT005', 'SC026', 'SC033', '0', 1),
	(2, 'CT005', 'SC026', 'SC034', '0', 1),
	(2, 'CT005', 'SC026', 'SC035', '0', 1),
	(2, 'CT005', 'SC026', 'SC036', '0', 1),
	(2, 'CT005', 'SC027', 'SC027', '0', 1),
	(2, 'CT005', 'SC027', 'SC028', '0', 1),
	(2, 'CT005', 'SC027', 'SC029', '0', 1),
	(2, 'CT005', 'SC027', 'SC030', '0', 1),
	(2, 'CT005', 'SC027', 'SC031', '0', 1),
	(2, 'CT005', 'SC027', 'SC032', '0', 1),
	(2, 'CT005', 'SC027', 'SC033', '0', 1),
	(2, 'CT005', 'SC027', 'SC034', '0', 1),
	(2, 'CT005', 'SC027', 'SC035', '0', 1),
	(2, 'CT005', 'SC027', 'SC036', '0', 1),
	(2, 'CT005', 'SC028', 'SC028', '0', 1),
	(2, 'CT005', 'SC028', 'SC029', '0', 1),
	(2, 'CT005', 'SC028', 'SC030', '0', 1),
	(2, 'CT005', 'SC028', 'SC031', '0', 1),
	(2, 'CT005', 'SC028', 'SC032', '0', 1),
	(2, 'CT005', 'SC028', 'SC033', '0', 1),
	(2, 'CT005', 'SC028', 'SC034', '0', 1),
	(2, 'CT005', 'SC028', 'SC035', '0', 1),
	(2, 'CT005', 'SC028', 'SC036', '0', 1),
	(2, 'CT005', 'SC029', 'SC029', '0', 1),
	(2, 'CT005', 'SC029', 'SC030', '0', 1),
	(2, 'CT005', 'SC029', 'SC031', '0', 1),
	(2, 'CT005', 'SC029', 'SC032', '0', 1),
	(2, 'CT005', 'SC029', 'SC033', '0', 1),
	(2, 'CT005', 'SC029', 'SC034', '0', 1),
	(2, 'CT005', 'SC029', 'SC035', '0', 1),
	(2, 'CT005', 'SC029', 'SC036', '0', 1),
	(2, 'CT005', 'SC030', 'SC030', '0', 1),
	(2, 'CT005', 'SC030', 'SC031', '0', 1),
	(2, 'CT005', 'SC030', 'SC032', '0', 1),
	(2, 'CT005', 'SC030', 'SC033', '0', 1),
	(2, 'CT005', 'SC030', 'SC034', '0', 1),
	(2, 'CT005', 'SC030', 'SC035', '0', 1),
	(2, 'CT005', 'SC030', 'SC036', '0', 1),
	(2, 'CT005', 'SC031', 'SC031', '0', 1),
	(2, 'CT005', 'SC031', 'SC032', '0', 1),
	(2, 'CT005', 'SC031', 'SC033', '0', 1),
	(2, 'CT005', 'SC031', 'SC034', '0', 1),
	(2, 'CT005', 'SC031', 'SC035', '0', 1),
	(2, 'CT005', 'SC031', 'SC036', '0', 1),
	(2, 'CT005', 'SC032', 'SC032', '0', 1),
	(2, 'CT005', 'SC032', 'SC033', '0', 1),
	(2, 'CT005', 'SC032', 'SC034', '0', 1),
	(2, 'CT005', 'SC032', 'SC035', '0', 1),
	(2, 'CT005', 'SC032', 'SC036', '0', 1),
	(2, 'CT005', 'SC033', 'SC033', '0', 1),
	(2, 'CT005', 'SC033', 'SC034', '0', 1),
	(2, 'CT005', 'SC033', 'SC035', '0', 1),
	(2, 'CT005', 'SC033', 'SC036', '0', 1),
	(2, 'CT005', 'SC034', 'SC034', '0', 1),
	(2, 'CT005', 'SC034', 'SC035', '0', 1),
	(2, 'CT005', 'SC034', 'SC036', '0', 1),
	(2, 'CT005', 'SC035', 'SC035', '0', 1),
	(2, 'CT005', 'SC035', 'SC036', '0', 1),
	(2, 'CT005', 'SC036', 'SC036', '0', 1),
	(2, 'CT006', 'SC037', 'SC037', '0', 1),
	(2, 'CT006', 'SC037', 'SC038', '0', 1),
	(2, 'CT006', 'SC037', 'SC039', '0', 1),
	(2, 'CT006', 'SC037', 'SC040', '0', 1),
	(2, 'CT006', 'SC037', 'SC041', '0', 1),
	(2, 'CT006', 'SC037', 'SC042', '0', 1),
	(2, 'CT006', 'SC037', 'SC043', '0', 1),
	(2, 'CT006', 'SC037', 'SC044', '0', 1),
	(2, 'CT006', 'SC038', 'SC038', '0', 1),
	(2, 'CT006', 'SC038', 'SC039', '0', 1),
	(2, 'CT006', 'SC038', 'SC040', '0', 1),
	(2, 'CT006', 'SC038', 'SC041', '0', 1),
	(2, 'CT006', 'SC038', 'SC042', '0', 1),
	(2, 'CT006', 'SC038', 'SC043', '0', 1),
	(2, 'CT006', 'SC038', 'SC044', '0', 1),
	(2, 'CT006', 'SC039', 'SC039', '0', 1),
	(2, 'CT006', 'SC039', 'SC040', '0', 1),
	(2, 'CT006', 'SC039', 'SC041', '0', 1),
	(2, 'CT006', 'SC039', 'SC042', '0', 1),
	(2, 'CT006', 'SC039', 'SC043', '0', 1),
	(2, 'CT006', 'SC039', 'SC044', '0', 1),
	(2, 'CT006', 'SC040', 'SC040', '0', 1),
	(2, 'CT006', 'SC040', 'SC041', '0', 1),
	(2, 'CT006', 'SC040', 'SC042', '0', 1),
	(2, 'CT006', 'SC040', 'SC043', '0', 1),
	(2, 'CT006', 'SC040', 'SC044', '0', 1),
	(2, 'CT006', 'SC041', 'SC041', '0', 1),
	(2, 'CT006', 'SC041', 'SC042', '0', 1),
	(2, 'CT006', 'SC041', 'SC043', '0', 1),
	(2, 'CT006', 'SC041', 'SC044', '0', 1),
	(2, 'CT006', 'SC042', 'SC042', '0', 1),
	(2, 'CT006', 'SC042', 'SC043', '0', 1),
	(2, 'CT006', 'SC042', 'SC044', '0', 1),
	(2, 'CT006', 'SC043', 'SC043', '0', 1),
	(2, 'CT006', 'SC043', 'SC044', '0', 1),
	(2, 'CT006', 'SC044', 'SC044', '0', 1),
	(2, 'CT007', 'SC045', 'SC045', '0', 1),
	(2, 'CT007', 'SC045', 'SC046', '0', 1),
	(2, 'CT007', 'SC045', 'SC047', '0', 1),
	(2, 'CT007', 'SC045', 'SC048', '0', 1),
	(2, 'CT007', 'SC045', 'SC049', '0', 1),
	(2, 'CT007', 'SC045', 'SC050', '0', 1),
	(2, 'CT007', 'SC045', 'SC051', '0', 1),
	(2, 'CT007', 'SC045', 'SC052', '0', 1),
	(2, 'CT007', 'SC046', 'SC046', '0', 1),
	(2, 'CT007', 'SC046', 'SC047', '0', 1),
	(2, 'CT007', 'SC046', 'SC048', '0', 1),
	(2, 'CT007', 'SC046', 'SC049', '0', 1),
	(2, 'CT007', 'SC046', 'SC050', '0', 1),
	(2, 'CT007', 'SC046', 'SC051', '0', 1),
	(2, 'CT007', 'SC046', 'SC052', '0', 1),
	(2, 'CT007', 'SC047', 'SC047', '0', 1),
	(2, 'CT007', 'SC047', 'SC048', '0', 1),
	(2, 'CT007', 'SC047', 'SC049', '0', 1),
	(2, 'CT007', 'SC047', 'SC050', '0', 1),
	(2, 'CT007', 'SC047', 'SC051', '0', 1),
	(2, 'CT007', 'SC047', 'SC052', '0', 1),
	(2, 'CT007', 'SC048', 'SC048', '0', 1),
	(2, 'CT007', 'SC048', 'SC049', '0', 1),
	(2, 'CT007', 'SC048', 'SC050', '0', 1),
	(2, 'CT007', 'SC048', 'SC051', '0', 1),
	(2, 'CT007', 'SC048', 'SC052', '0', 1),
	(2, 'CT007', 'SC049', 'SC049', '0', 1),
	(2, 'CT007', 'SC049', 'SC050', '0', 1),
	(2, 'CT007', 'SC049', 'SC051', '0', 1),
	(2, 'CT007', 'SC049', 'SC052', '0', 1),
	(2, 'CT007', 'SC050', 'SC050', '0', 1),
	(2, 'CT007', 'SC050', 'SC051', '0', 1),
	(2, 'CT007', 'SC050', 'SC052', '0', 1),
	(2, 'CT007', 'SC051', 'SC051', '0', 1),
	(2, 'CT007', 'SC051', 'SC052', '0', 1),
	(2, 'CT007', 'SC052', 'SC052', '0', 1),
	(4, 'CT005', 'SC021', 'SC021', '0', 1),
	(4, 'CT005', 'SC021', 'SC022', '0', 1),
	(4, 'CT005', 'SC021', 'SC023', '0', 1),
	(4, 'CT005', 'SC021', 'SC024', '0', 1),
	(4, 'CT005', 'SC021', 'SC025', '0', 1),
	(4, 'CT005', 'SC021', 'SC026', '0', 1),
	(4, 'CT005', 'SC021', 'SC027', '0', 1),
	(4, 'CT005', 'SC021', 'SC028', '0', 1),
	(4, 'CT005', 'SC021', 'SC029', '0', 1),
	(4, 'CT005', 'SC021', 'SC030', '0', 1),
	(4, 'CT005', 'SC021', 'SC031', '0', 1),
	(4, 'CT005', 'SC021', 'SC032', '0', 1),
	(4, 'CT005', 'SC021', 'SC033', '0', 1),
	(4, 'CT005', 'SC021', 'SC034', '0', 1),
	(4, 'CT005', 'SC021', 'SC035', '0', 1),
	(4, 'CT005', 'SC021', 'SC036', '0', 1),
	(4, 'CT005', 'SC022', 'SC022', '0', 1),
	(4, 'CT005', 'SC022', 'SC023', '0', 1),
	(4, 'CT005', 'SC022', 'SC024', '0', 1),
	(4, 'CT005', 'SC022', 'SC025', '0', 1),
	(4, 'CT005', 'SC022', 'SC026', '0', 1),
	(4, 'CT005', 'SC022', 'SC027', '0', 1),
	(4, 'CT005', 'SC022', 'SC028', '0', 1),
	(4, 'CT005', 'SC022', 'SC029', '0', 1),
	(4, 'CT005', 'SC022', 'SC030', '0', 1),
	(4, 'CT005', 'SC022', 'SC031', '0', 1),
	(4, 'CT005', 'SC022', 'SC032', '0', 1),
	(4, 'CT005', 'SC022', 'SC033', '0', 1),
	(4, 'CT005', 'SC022', 'SC034', '0', 1),
	(4, 'CT005', 'SC022', 'SC035', '0', 1),
	(4, 'CT005', 'SC022', 'SC036', '0', 1),
	(4, 'CT005', 'SC023', 'SC023', '0', 1),
	(4, 'CT005', 'SC023', 'SC024', '0', 1),
	(4, 'CT005', 'SC023', 'SC025', '0', 1),
	(4, 'CT005', 'SC023', 'SC026', '0', 1),
	(4, 'CT005', 'SC023', 'SC027', '0', 1),
	(4, 'CT005', 'SC023', 'SC028', '0', 1),
	(4, 'CT005', 'SC023', 'SC029', '0', 1),
	(4, 'CT005', 'SC023', 'SC030', '0', 1),
	(4, 'CT005', 'SC023', 'SC031', '0', 1),
	(4, 'CT005', 'SC023', 'SC032', '0', 1),
	(4, 'CT005', 'SC023', 'SC033', '0', 1),
	(4, 'CT005', 'SC023', 'SC034', '0', 1),
	(4, 'CT005', 'SC023', 'SC035', '0', 1),
	(4, 'CT005', 'SC023', 'SC036', '0', 1),
	(4, 'CT005', 'SC024', 'SC024', '0', 1),
	(4, 'CT005', 'SC024', 'SC025', '0', 1),
	(4, 'CT005', 'SC024', 'SC026', '0', 1),
	(4, 'CT005', 'SC024', 'SC027', '0', 1),
	(4, 'CT005', 'SC024', 'SC028', '0', 1),
	(4, 'CT005', 'SC024', 'SC029', '0', 1),
	(4, 'CT005', 'SC024', 'SC030', '0', 1),
	(4, 'CT005', 'SC024', 'SC031', '0', 1),
	(4, 'CT005', 'SC024', 'SC032', '0', 1),
	(4, 'CT005', 'SC024', 'SC033', '0', 1),
	(4, 'CT005', 'SC024', 'SC034', '0', 1),
	(4, 'CT005', 'SC024', 'SC035', '0', 1),
	(4, 'CT005', 'SC024', 'SC036', '0', 1),
	(4, 'CT005', 'SC025', 'SC025', '0', 1),
	(4, 'CT005', 'SC025', 'SC026', '0', 1),
	(4, 'CT005', 'SC025', 'SC027', '0', 1),
	(4, 'CT005', 'SC025', 'SC028', '0', 1),
	(4, 'CT005', 'SC025', 'SC029', '0', 1),
	(4, 'CT005', 'SC025', 'SC030', '0', 1),
	(4, 'CT005', 'SC025', 'SC031', '0', 1),
	(4, 'CT005', 'SC025', 'SC032', '0', 1),
	(4, 'CT005', 'SC025', 'SC033', '0', 1),
	(4, 'CT005', 'SC025', 'SC034', '0', 1),
	(4, 'CT005', 'SC025', 'SC035', '0', 1),
	(4, 'CT005', 'SC025', 'SC036', '0', 1),
	(4, 'CT005', 'SC026', 'SC026', '0', 1),
	(4, 'CT005', 'SC026', 'SC027', '0', 1),
	(4, 'CT005', 'SC026', 'SC028', '0', 1),
	(4, 'CT005', 'SC026', 'SC029', '0', 1),
	(4, 'CT005', 'SC026', 'SC030', '0', 1),
	(4, 'CT005', 'SC026', 'SC031', '0', 1),
	(4, 'CT005', 'SC026', 'SC032', '0', 1),
	(4, 'CT005', 'SC026', 'SC033', '0', 1),
	(4, 'CT005', 'SC026', 'SC034', '0', 1),
	(4, 'CT005', 'SC026', 'SC035', '0', 1),
	(4, 'CT005', 'SC026', 'SC036', '0', 1),
	(4, 'CT005', 'SC027', 'SC027', '0', 1),
	(4, 'CT005', 'SC027', 'SC028', '0', 1),
	(4, 'CT005', 'SC027', 'SC029', '0', 1),
	(4, 'CT005', 'SC027', 'SC030', '0', 1),
	(4, 'CT005', 'SC027', 'SC031', '0', 1),
	(4, 'CT005', 'SC027', 'SC032', '0', 1),
	(4, 'CT005', 'SC027', 'SC033', '0', 1),
	(4, 'CT005', 'SC027', 'SC034', '0', 1),
	(4, 'CT005', 'SC027', 'SC035', '0', 1),
	(4, 'CT005', 'SC027', 'SC036', '0', 1),
	(4, 'CT005', 'SC028', 'SC028', '0', 1),
	(4, 'CT005', 'SC028', 'SC029', '0', 1),
	(4, 'CT005', 'SC028', 'SC030', '0', 1),
	(4, 'CT005', 'SC028', 'SC031', '0', 1),
	(4, 'CT005', 'SC028', 'SC032', '0', 1),
	(4, 'CT005', 'SC028', 'SC033', '0', 1),
	(4, 'CT005', 'SC028', 'SC034', '0', 1),
	(4, 'CT005', 'SC028', 'SC035', '0', 1),
	(4, 'CT005', 'SC028', 'SC036', '0', 1),
	(4, 'CT005', 'SC029', 'SC029', '0', 1),
	(4, 'CT005', 'SC029', 'SC030', '0', 1),
	(4, 'CT005', 'SC029', 'SC031', '0', 1),
	(4, 'CT005', 'SC029', 'SC032', '0', 1),
	(4, 'CT005', 'SC029', 'SC033', '0', 1),
	(4, 'CT005', 'SC029', 'SC034', '0', 1),
	(4, 'CT005', 'SC029', 'SC035', '0', 1),
	(4, 'CT005', 'SC029', 'SC036', '0', 1),
	(4, 'CT005', 'SC030', 'SC030', '0', 1),
	(4, 'CT005', 'SC030', 'SC031', '0', 1),
	(4, 'CT005', 'SC030', 'SC032', '0', 1),
	(4, 'CT005', 'SC030', 'SC033', '0', 1),
	(4, 'CT005', 'SC030', 'SC034', '0', 1),
	(4, 'CT005', 'SC030', 'SC035', '0', 1),
	(4, 'CT005', 'SC030', 'SC036', '0', 1),
	(4, 'CT005', 'SC031', 'SC031', '0', 1),
	(1, 'CT008', 'SC053', 'SC053', '0', 1),
	(1, 'CT008', 'SC053', 'SC054', '0', 1),
	(1, 'CT008', 'SC053', 'SC055', '0', 1),
	(1, 'CT008', 'SC053', 'SC056', '0', 1),
	(1, 'CT008', 'SC053', 'SC057', '0', 1),
	(1, 'CT008', 'SC054', 'SC054', '0', 1),
	(1, 'CT008', 'SC054', 'SC055', '0', 1),
	(1, 'CT008', 'SC054', 'SC056', '0', 1),
	(1, 'CT008', 'SC054', 'SC057', '0', 1),
	(1, 'CT008', 'SC055', 'SC055', '0', 1),
	(1, 'CT008', 'SC055', 'SC056', '0', 1),
	(1, 'CT008', 'SC055', 'SC057', '0', 1),
	(1, 'CT008', 'SC056', 'SC056', '0', 1),
	(1, 'CT008', 'SC056', 'SC057', '0', 1),
	(1, 'CT008', 'SC057', 'SC057', '0', 1),
	(1, 'CT010', 'SC058', 'SC058', '0', 1),
	(1, 'CT010', 'SC058', 'SC059', '0', 1),
	(1, 'CT010', 'SC058', 'SC060', '0', 1),
	(1, 'CT010', 'SC059', 'SC059', '0', 1),
	(1, 'CT010', 'SC059', 'SC060', '0', 1),
	(1, 'CT010', 'SC060', 'SC060', '0', 1),
	(1, 'CT011', 'SC061', 'SC061', '0', 1),
	(1, 'CT011', 'SC061', 'SC062', '0', 1),
	(1, 'CT011', 'SC061', 'SC063', '0', 1),
	(1, 'CT011', 'SC061', 'SC064', '0', 1),
	(1, 'CT011', 'SC062', 'SC062', '0', 1),
	(1, 'CT011', 'SC062', 'SC063', '0', 1),
	(1, 'CT011', 'SC062', 'SC064', '0', 1),
	(1, 'CT011', 'SC063', 'SC063', '0', 1),
	(1, 'CT011', 'SC063', 'SC064', '0', 1),
	(1, 'CT011', 'SC064', 'SC064', '0', 1),
	(1, 'CT012', 'SC065', 'SC065', '0', 1),
	(1, 'CT012', 'SC065', 'SC066', '0', 1),
	(1, 'CT012', 'SC065', 'SC067', '0', 1),
	(1, 'CT012', 'SC065', 'SC068', '0', 1),
	(1, 'CT012', 'SC066', 'SC066', '0', 1),
	(1, 'CT012', 'SC066', 'SC067', '0', 1),
	(1, 'CT012', 'SC066', 'SC068', '0', 1),
	(1, 'CT012', 'SC067', 'SC067', '0', 1),
	(1, 'CT012', 'SC067', 'SC068', '0', 1),
	(1, 'CT012', 'SC068', 'SC068', '0', 1),
	(1, 'CT013', 'SC077', 'SC077', '0', 1),
	(1, 'CT013', 'SC077', 'SC078', '0', 1),
	(1, 'CT013', 'SC077', 'SC079', '0', 1),
	(1, 'CT013', 'SC077', 'SC080', '0', 1),
	(1, 'CT013', 'SC077', 'SC081', '0', 1),
	(1, 'CT013', 'SC078', 'SC078', '0', 1),
	(1, 'CT013', 'SC078', 'SC079', '0', 1),
	(1, 'CT013', 'SC078', 'SC080', '0', 1),
	(1, 'CT013', 'SC078', 'SC081', '0', 1),
	(1, 'CT013', 'SC079', 'SC079', '0', 1),
	(1, 'CT013', 'SC079', 'SC080', '0', 1),
	(1, 'CT013', 'SC079', 'SC081', '0', 1),
	(1, 'CT013', 'SC080', 'SC080', '0', 1),
	(1, 'CT013', 'SC080', 'SC081', '0', 1),
	(1, 'CT013', 'SC081', 'SC081', '0', 1),
	(1, 'CT014', 'SC082', 'SC082', '0', 1),
	(1, 'CT014', 'SC082', 'SC083', '0', 1),
	(1, 'CT014', 'SC082', 'SC084', '0', 1),
	(1, 'CT014', 'SC082', 'SC085', '0', 1),
	(1, 'CT014', 'SC082', 'SC086', '0', 1),
	(1, 'CT014', 'SC083', 'SC083', '0', 1),
	(1, 'CT014', 'SC083', 'SC084', '0', 1),
	(1, 'CT014', 'SC083', 'SC085', '0', 1),
	(1, 'CT014', 'SC083', 'SC086', '0', 1),
	(1, 'CT014', 'SC084', 'SC084', '0', 1),
	(1, 'CT014', 'SC084', 'SC085', '0', 1),
	(1, 'CT014', 'SC084', 'SC086', '0', 1),
	(1, 'CT014', 'SC085', 'SC085', '0', 1),
	(1, 'CT014', 'SC085', 'SC086', '0', 1),
	(1, 'CT014', 'SC086', 'SC086', '0', 1),
	(1, 'CT015', 'SC069', 'SC069', '0', 1),
	(1, 'CT015', 'SC069', 'SC070', '0', 1),
	(1, 'CT015', 'SC069', 'SC071', '0', 1),
	(1, 'CT015', 'SC070', 'SC070', '0', 1),
	(1, 'CT015', 'SC070', 'SC071', '0', 1),
	(1, 'CT015', 'SC071', 'SC071', '0', 1),
	(1, 'CT016', 'SC072', 'SC072', '0', 1),
	(1, 'CT016', 'SC072', 'SC073', '0', 1),
	(1, 'CT016', 'SC072', 'SC074', '0', 1),
	(1, 'CT016', 'SC072', 'SC075', '0', 1),
	(1, 'CT016', 'SC072', 'SC076', '0', 1),
	(1, 'CT016', 'SC073', 'SC073', '0', 1),
	(1, 'CT016', 'SC073', 'SC074', '0', 1),
	(1, 'CT016', 'SC073', 'SC075', '0', 1),
	(1, 'CT016', 'SC073', 'SC076', '0', 1),
	(1, 'CT016', 'SC074', 'SC074', '0', 1),
	(1, 'CT016', 'SC074', 'SC075', '0', 1),
	(1, 'CT016', 'SC074', 'SC076', '0', 1),
	(1, 'CT016', 'SC075', 'SC075', '0', 1),
	(1, 'CT016', 'SC075', 'SC076', '0', 1),
	(1, 'CT016', 'SC076', 'SC076', '0', 1),
	(1, 'CT017', 'SC087', 'SC087', '0', 1),
	(1, 'CT017', 'SC087', 'SC088', '0', 1),
	(1, 'CT017', 'SC087', 'SC089', '0', 1),
	(1, 'CT017', 'SC088', 'SC088', '0', 1),
	(1, 'CT017', 'SC088', 'SC089', '0', 1),
	(1, 'CT017', 'SC089', 'SC089', '0', 1),
	(1, 'CT019', 'SC090', 'SC090', '0', 1),
	(1, 'CT019', 'SC090', 'SC091', '0', 1),
	(1, 'CT019', 'SC090', 'SC092', '0', 1),
	(1, 'CT019', 'SC090', 'SC093', '0', 1),
	(1, 'CT019', 'SC090', 'SC094', '0', 1),
	(1, 'CT019', 'SC091', 'SC091', '0', 1),
	(1, 'CT019', 'SC091', 'SC092', '0', 1),
	(1, 'CT019', 'SC091', 'SC093', '0', 1),
	(1, 'CT019', 'SC091', 'SC094', '0', 1),
	(1, 'CT019', 'SC092', 'SC092', '0', 1),
	(1, 'CT019', 'SC092', 'SC093', '0', 1),
	(1, 'CT019', 'SC092', 'SC094', '0', 1),
	(1, 'CT019', 'SC093', 'SC093', '0', 1),
	(1, 'CT019', 'SC093', 'SC094', '0', 1),
	(1, 'CT019', 'SC094', 'SC094', '0', 1),
	(1, 'CT021', 'SC095', 'SC095', '0', 1),
	(1, 'CT021', 'SC095', 'SC096', '0', 1),
	(1, 'CT021', 'SC095', 'SC097', '0', 1),
	(1, 'CT021', 'SC095', 'SC098', '0', 1),
	(1, 'CT021', 'SC095', 'SC099', '0', 1),
	(1, 'CT021', 'SC095', 'SC100', '0', 1),
	(1, 'CT021', 'SC096', 'SC096', '0', 1),
	(1, 'CT021', 'SC096', 'SC097', '0', 1),
	(1, 'CT021', 'SC096', 'SC098', '0', 1),
	(1, 'CT021', 'SC096', 'SC099', '0', 1),
	(1, 'CT021', 'SC096', 'SC100', '0', 1),
	(1, 'CT021', 'SC097', 'SC097', '0', 1),
	(1, 'CT021', 'SC097', 'SC098', '0', 1),
	(1, 'CT021', 'SC097', 'SC099', '0', 1),
	(1, 'CT021', 'SC097', 'SC100', '0', 1),
	(1, 'CT021', 'SC098', 'SC098', '0', 1),
	(1, 'CT021', 'SC098', 'SC099', '0', 1),
	(1, 'CT021', 'SC098', 'SC100', '0', 1),
	(1, 'CT021', 'SC099', 'SC099', '0', 1),
	(1, 'CT021', 'SC099', 'SC100', '0', 1),
	(1, 'CT021', 'SC100', 'SC100', '0', 1),
	(1, 'CT022', 'SC101', 'SC101', '0', 1),
	(1, 'CT022', 'SC101', 'SC102', '0', 1),
	(1, 'CT022', 'SC101', 'SC103', '0', 1),
	(1, 'CT022', 'SC101', 'SC104', '0', 1),
	(1, 'CT022', 'SC102', 'SC102', '0', 1),
	(1, 'CT022', 'SC102', 'SC103', '0', 1),
	(1, 'CT022', 'SC102', 'SC104', '0', 1),
	(1, 'CT022', 'SC103', 'SC103', '0', 1),
	(1, 'CT022', 'SC103', 'SC104', '0', 1),
	(1, 'CT022', 'SC104', 'SC104', '0', 1),
	(2, 'CT008', 'SC053', 'SC053', '0', 1),
	(2, 'CT008', 'SC053', 'SC054', '0', 1),
	(2, 'CT008', 'SC053', 'SC055', '0', 1),
	(2, 'CT008', 'SC053', 'SC056', '0', 1),
	(2, 'CT008', 'SC053', 'SC057', '0', 1),
	(2, 'CT008', 'SC054', 'SC054', '0', 1),
	(2, 'CT008', 'SC054', 'SC055', '0', 1),
	(2, 'CT008', 'SC054', 'SC056', '0', 1),
	(2, 'CT008', 'SC054', 'SC057', '0', 1),
	(2, 'CT008', 'SC055', 'SC055', '0', 1),
	(2, 'CT008', 'SC055', 'SC056', '0', 1),
	(2, 'CT008', 'SC055', 'SC057', '0', 1),
	(2, 'CT008', 'SC056', 'SC056', '0', 1),
	(2, 'CT008', 'SC056', 'SC057', '0', 1),
	(2, 'CT008', 'SC057', 'SC057', '0', 1),
	(2, 'CT010', 'SC058', 'SC058', '0', 1),
	(2, 'CT010', 'SC058', 'SC059', '0', 1),
	(2, 'CT010', 'SC058', 'SC060', '0', 1),
	(2, 'CT010', 'SC059', 'SC059', '0', 1),
	(2, 'CT010', 'SC059', 'SC060', '0', 1),
	(2, 'CT010', 'SC060', 'SC060', '0', 1),
	(2, 'CT011', 'SC061', 'SC061', '0', 1),
	(2, 'CT011', 'SC061', 'SC062', '0', 1),
	(2, 'CT011', 'SC061', 'SC063', '0', 1),
	(2, 'CT011', 'SC061', 'SC064', '0', 1),
	(2, 'CT011', 'SC062', 'SC062', '0', 1),
	(2, 'CT011', 'SC062', 'SC063', '0', 1),
	(2, 'CT011', 'SC062', 'SC064', '0', 1),
	(2, 'CT011', 'SC063', 'SC063', '0', 1),
	(2, 'CT011', 'SC063', 'SC064', '0', 1),
	(2, 'CT011', 'SC064', 'SC064', '0', 1),
	(2, 'CT012', 'SC065', 'SC065', '0', 1),
	(2, 'CT012', 'SC065', 'SC066', '0', 1),
	(2, 'CT012', 'SC065', 'SC067', '0', 1),
	(2, 'CT012', 'SC065', 'SC068', '0', 1),
	(2, 'CT012', 'SC066', 'SC066', '0', 1),
	(2, 'CT012', 'SC066', 'SC067', '0', 1),
	(2, 'CT012', 'SC066', 'SC068', '0', 1),
	(2, 'CT012', 'SC067', 'SC067', '0', 1),
	(2, 'CT012', 'SC067', 'SC068', '0', 1),
	(2, 'CT012', 'SC068', 'SC068', '0', 1),
	(2, 'CT013', 'SC077', 'SC077', '0', 1),
	(2, 'CT013', 'SC077', 'SC078', '0', 1),
	(2, 'CT013', 'SC077', 'SC079', '0', 1),
	(2, 'CT013', 'SC077', 'SC080', '0', 1),
	(2, 'CT013', 'SC077', 'SC081', '0', 1),
	(2, 'CT013', 'SC078', 'SC078', '0', 1),
	(2, 'CT013', 'SC078', 'SC079', '0', 1),
	(2, 'CT013', 'SC078', 'SC080', '0', 1),
	(2, 'CT013', 'SC078', 'SC081', '0', 1),
	(2, 'CT013', 'SC079', 'SC079', '0', 1),
	(2, 'CT013', 'SC079', 'SC080', '0', 1),
	(2, 'CT013', 'SC079', 'SC081', '0', 1),
	(2, 'CT013', 'SC080', 'SC080', '0', 1),
	(2, 'CT013', 'SC080', 'SC081', '0', 1),
	(2, 'CT013', 'SC081', 'SC081', '0', 1),
	(2, 'CT014', 'SC082', 'SC082', '0', 1),
	(2, 'CT014', 'SC082', 'SC083', '0', 1),
	(2, 'CT014', 'SC082', 'SC084', '0', 1),
	(2, 'CT014', 'SC082', 'SC085', '0', 1),
	(2, 'CT014', 'SC082', 'SC086', '0', 1),
	(2, 'CT014', 'SC083', 'SC083', '0', 1),
	(2, 'CT014', 'SC083', 'SC084', '0', 1),
	(2, 'CT014', 'SC083', 'SC085', '0', 1),
	(2, 'CT014', 'SC083', 'SC086', '0', 1),
	(2, 'CT014', 'SC084', 'SC084', '0', 1),
	(2, 'CT014', 'SC084', 'SC085', '0', 1),
	(2, 'CT014', 'SC084', 'SC086', '0', 1),
	(2, 'CT014', 'SC085', 'SC085', '0', 1),
	(2, 'CT014', 'SC085', 'SC086', '0', 1),
	(2, 'CT014', 'SC086', 'SC086', '0', 1),
	(2, 'CT015', 'SC069', 'SC069', '0', 1),
	(2, 'CT015', 'SC069', 'SC070', '0', 1),
	(2, 'CT015', 'SC069', 'SC071', '0', 1),
	(2, 'CT015', 'SC070', 'SC070', '0', 1),
	(2, 'CT015', 'SC070', 'SC071', '0', 1),
	(2, 'CT015', 'SC071', 'SC071', '0', 1),
	(2, 'CT016', 'SC072', 'SC072', '0', 1),
	(2, 'CT016', 'SC072', 'SC073', '0', 1),
	(2, 'CT016', 'SC072', 'SC074', '0', 1),
	(2, 'CT016', 'SC072', 'SC075', '0', 1),
	(2, 'CT016', 'SC072', 'SC076', '0', 1),
	(2, 'CT016', 'SC073', 'SC073', '0', 1),
	(2, 'CT016', 'SC073', 'SC074', '0', 1),
	(2, 'CT016', 'SC073', 'SC075', '0', 1),
	(2, 'CT016', 'SC073', 'SC076', '0', 1),
	(2, 'CT016', 'SC074', 'SC074', '0', 1),
	(2, 'CT016', 'SC074', 'SC075', '0', 1),
	(2, 'CT016', 'SC074', 'SC076', '0', 1),
	(2, 'CT016', 'SC075', 'SC075', '0', 1),
	(2, 'CT016', 'SC075', 'SC076', '0', 1),
	(2, 'CT016', 'SC076', 'SC076', '0', 1),
	(2, 'CT017', 'SC087', 'SC087', '0', 1),
	(2, 'CT017', 'SC087', 'SC088', '0', 1),
	(2, 'CT017', 'SC087', 'SC089', '0', 1),
	(2, 'CT017', 'SC088', 'SC088', '0', 1),
	(2, 'CT017', 'SC088', 'SC089', '0', 1),
	(2, 'CT017', 'SC089', 'SC089', '0', 1),
	(2, 'CT019', 'SC090', 'SC090', '0', 1),
	(2, 'CT019', 'SC090', 'SC091', '0', 1),
	(2, 'CT019', 'SC090', 'SC092', '0', 1),
	(2, 'CT019', 'SC090', 'SC093', '0', 1),
	(2, 'CT019', 'SC090', 'SC094', '0', 1),
	(2, 'CT019', 'SC091', 'SC091', '0', 1),
	(2, 'CT019', 'SC091', 'SC092', '0', 1),
	(2, 'CT019', 'SC091', 'SC093', '0', 1),
	(2, 'CT019', 'SC091', 'SC094', '0', 1),
	(2, 'CT019', 'SC092', 'SC092', '0', 1),
	(2, 'CT019', 'SC092', 'SC093', '0', 1),
	(2, 'CT019', 'SC092', 'SC094', '0', 1),
	(2, 'CT019', 'SC093', 'SC093', '0', 1),
	(2, 'CT019', 'SC093', 'SC094', '0', 1),
	(2, 'CT019', 'SC094', 'SC094', '0', 1),
	(2, 'CT021', 'SC095', 'SC095', '0', 1),
	(2, 'CT021', 'SC095', 'SC096', '0', 1),
	(2, 'CT021', 'SC095', 'SC097', '0', 1),
	(2, 'CT021', 'SC095', 'SC098', '0', 1),
	(2, 'CT021', 'SC095', 'SC099', '0', 1),
	(2, 'CT021', 'SC095', 'SC100', '0', 1),
	(2, 'CT021', 'SC096', 'SC096', '0', 1),
	(2, 'CT021', 'SC096', 'SC097', '0', 1),
	(2, 'CT021', 'SC096', 'SC098', '0', 1),
	(2, 'CT021', 'SC096', 'SC099', '0', 1),
	(2, 'CT021', 'SC096', 'SC100', '0', 1),
	(2, 'CT021', 'SC097', 'SC097', '0', 1),
	(2, 'CT021', 'SC097', 'SC098', '0', 1),
	(2, 'CT021', 'SC097', 'SC099', '0', 1),
	(2, 'CT021', 'SC097', 'SC100', '0', 1),
	(2, 'CT021', 'SC098', 'SC098', '0', 1),
	(2, 'CT021', 'SC098', 'SC099', '0', 1),
	(2, 'CT021', 'SC098', 'SC100', '0', 1),
	(2, 'CT021', 'SC099', 'SC099', '0', 1),
	(2, 'CT021', 'SC099', 'SC100', '0', 1),
	(2, 'CT021', 'SC100', 'SC100', '0', 1),
	(2, 'CT022', 'SC101', 'SC101', '0', 1),
	(2, 'CT022', 'SC101', 'SC102', '0', 1),
	(2, 'CT022', 'SC101', 'SC103', '0', 1),
	(2, 'CT022', 'SC101', 'SC104', '0', 1),
	(2, 'CT022', 'SC102', 'SC102', '0', 1),
	(2, 'CT022', 'SC102', 'SC103', '0', 1),
	(2, 'CT022', 'SC102', 'SC104', '0', 1),
	(2, 'CT022', 'SC103', 'SC103', '0', 1),
	(2, 'CT022', 'SC103', 'SC104', '0', 1),
	(2, 'CT022', 'SC104', 'SC104', '0', 1),
	(4, 'CT005', 'SC031', 'SC032', '0', 1),
	(4, 'CT005', 'SC031', 'SC033', '0', 1),
	(4, 'CT005', 'SC031', 'SC034', '0', 1),
	(4, 'CT005', 'SC031', 'SC035', '0', 1),
	(4, 'CT005', 'SC031', 'SC036', '0', 1),
	(4, 'CT005', 'SC032', 'SC032', '0', 1),
	(4, 'CT005', 'SC032', 'SC033', '0', 1),
	(4, 'CT005', 'SC032', 'SC034', '0', 1),
	(4, 'CT005', 'SC032', 'SC035', '0', 1),
	(4, 'CT005', 'SC032', 'SC036', '0', 1),
	(4, 'CT005', 'SC033', 'SC033', '0', 1),
	(4, 'CT005', 'SC033', 'SC034', '0', 1),
	(4, 'CT005', 'SC033', 'SC035', '0', 1),
	(4, 'CT005', 'SC033', 'SC036', '0', 1),
	(4, 'CT005', 'SC034', 'SC034', '0', 1),
	(4, 'CT005', 'SC034', 'SC035', '0', 1),
	(4, 'CT005', 'SC034', 'SC036', '0', 1),
	(4, 'CT005', 'SC035', 'SC035', '0', 1),
	(4, 'CT005', 'SC035', 'SC036', '0', 1),
	(4, 'CT005', 'SC036', 'SC036', '0', 1),
	(4, 'CT006', 'SC037', 'SC037', '0', 1),
	(4, 'CT006', 'SC037', 'SC038', '0', 1),
	(4, 'CT006', 'SC037', 'SC039', '0', 1),
	(4, 'CT006', 'SC037', 'SC040', '0', 1),
	(4, 'CT006', 'SC037', 'SC041', '0', 1),
	(4, 'CT006', 'SC037', 'SC042', '0', 1),
	(4, 'CT006', 'SC037', 'SC043', '0', 1),
	(4, 'CT006', 'SC037', 'SC044', '0', 1),
	(4, 'CT006', 'SC038', 'SC038', '0', 1),
	(4, 'CT006', 'SC038', 'SC039', '0', 1),
	(4, 'CT006', 'SC038', 'SC040', '0', 1),
	(4, 'CT006', 'SC038', 'SC041', '0', 1),
	(4, 'CT006', 'SC038', 'SC042', '0', 1),
	(4, 'CT006', 'SC038', 'SC043', '0', 1),
	(4, 'CT006', 'SC038', 'SC044', '0', 1),
	(4, 'CT006', 'SC039', 'SC039', '0', 1),
	(4, 'CT006', 'SC039', 'SC040', '0', 1),
	(4, 'CT006', 'SC039', 'SC041', '0', 1),
	(4, 'CT006', 'SC039', 'SC042', '0', 1),
	(4, 'CT006', 'SC039', 'SC043', '0', 1),
	(4, 'CT006', 'SC039', 'SC044', '0', 1),
	(4, 'CT006', 'SC040', 'SC040', '0', 1),
	(4, 'CT006', 'SC040', 'SC041', '0', 1),
	(4, 'CT006', 'SC040', 'SC042', '0', 1),
	(4, 'CT006', 'SC040', 'SC043', '0', 1),
	(4, 'CT006', 'SC040', 'SC044', '0', 1),
	(4, 'CT006', 'SC041', 'SC041', '0', 1),
	(4, 'CT006', 'SC041', 'SC042', '0', 1),
	(4, 'CT006', 'SC041', 'SC043', '0', 1),
	(4, 'CT006', 'SC041', 'SC044', '0', 1),
	(4, 'CT006', 'SC042', 'SC042', '0', 1),
	(4, 'CT006', 'SC042', 'SC043', '0', 1),
	(4, 'CT006', 'SC042', 'SC044', '0', 1),
	(4, 'CT006', 'SC043', 'SC043', '0', 1),
	(4, 'CT006', 'SC043', 'SC044', '0', 1),
	(4, 'CT006', 'SC044', 'SC044', '0', 1),
	(4, 'CT007', 'SC045', 'SC045', '0', 1),
	(4, 'CT007', 'SC045', 'SC046', '0', 1),
	(4, 'CT007', 'SC045', 'SC047', '0', 1),
	(4, 'CT007', 'SC045', 'SC048', '0', 1),
	(4, 'CT007', 'SC045', 'SC049', '0', 1),
	(4, 'CT007', 'SC045', 'SC050', '0', 1),
	(4, 'CT007', 'SC045', 'SC051', '0', 1),
	(4, 'CT007', 'SC045', 'SC052', '0', 1),
	(4, 'CT007', 'SC046', 'SC046', '0', 1),
	(4, 'CT007', 'SC046', 'SC047', '0', 1),
	(4, 'CT007', 'SC046', 'SC048', '0', 1),
	(4, 'CT007', 'SC046', 'SC049', '0', 1),
	(4, 'CT007', 'SC046', 'SC050', '0', 1),
	(4, 'CT007', 'SC046', 'SC051', '0', 1),
	(4, 'CT007', 'SC046', 'SC052', '0', 1),
	(4, 'CT007', 'SC047', 'SC047', '0', 1),
	(4, 'CT007', 'SC047', 'SC048', '0', 1),
	(4, 'CT007', 'SC047', 'SC049', '0', 1),
	(4, 'CT007', 'SC047', 'SC050', '0', 1),
	(4, 'CT007', 'SC047', 'SC051', '0', 1),
	(4, 'CT007', 'SC047', 'SC052', '0', 1),
	(4, 'CT007', 'SC048', 'SC048', '0', 1),
	(4, 'CT007', 'SC048', 'SC049', '0', 1),
	(4, 'CT007', 'SC048', 'SC050', '0', 1),
	(4, 'CT007', 'SC048', 'SC051', '0', 1),
	(4, 'CT007', 'SC048', 'SC052', '0', 1),
	(4, 'CT007', 'SC049', 'SC049', '0', 1),
	(4, 'CT007', 'SC049', 'SC050', '0', 1),
	(4, 'CT007', 'SC049', 'SC051', '0', 1),
	(4, 'CT007', 'SC049', 'SC052', '0', 1),
	(4, 'CT007', 'SC050', 'SC050', '0', 1),
	(4, 'CT007', 'SC050', 'SC051', '0', 1),
	(4, 'CT007', 'SC050', 'SC052', '0', 1),
	(4, 'CT007', 'SC051', 'SC051', '0', 1),
	(4, 'CT007', 'SC051', 'SC052', '0', 1),
	(4, 'CT007', 'SC052', 'SC052', '0', 1),
	(4, 'CT008', 'SC053', 'SC053', '0', 1),
	(4, 'CT008', 'SC053', 'SC054', '0', 1),
	(4, 'CT008', 'SC053', 'SC055', '0', 1),
	(4, 'CT008', 'SC053', 'SC056', '0', 1),
	(4, 'CT008', 'SC053', 'SC057', '0', 1),
	(4, 'CT008', 'SC054', 'SC054', '0', 1),
	(4, 'CT008', 'SC054', 'SC055', '0', 1),
	(4, 'CT008', 'SC054', 'SC056', '0', 1),
	(4, 'CT008', 'SC054', 'SC057', '0', 1),
	(4, 'CT008', 'SC055', 'SC055', '0', 1),
	(4, 'CT008', 'SC055', 'SC056', '0', 1),
	(4, 'CT008', 'SC055', 'SC057', '0', 1),
	(4, 'CT008', 'SC056', 'SC056', '0', 1),
	(4, 'CT008', 'SC056', 'SC057', '0', 1),
	(4, 'CT008', 'SC057', 'SC057', '0', 1),
	(4, 'CT010', 'SC058', 'SC058', '0', 1),
	(4, 'CT010', 'SC058', 'SC059', '0', 1),
	(4, 'CT010', 'SC058', 'SC060', '0', 1),
	(4, 'CT010', 'SC059', 'SC059', '0', 1),
	(4, 'CT010', 'SC059', 'SC060', '0', 1),
	(4, 'CT010', 'SC060', 'SC060', '0', 1),
	(4, 'CT011', 'SC061', 'SC061', '0', 1),
	(4, 'CT011', 'SC061', 'SC062', '0', 1),
	(4, 'CT011', 'SC061', 'SC063', '0', 1),
	(4, 'CT011', 'SC061', 'SC064', '0', 1),
	(4, 'CT011', 'SC062', 'SC062', '0', 1),
	(4, 'CT011', 'SC062', 'SC063', '0', 1),
	(4, 'CT011', 'SC062', 'SC064', '0', 1),
	(4, 'CT011', 'SC063', 'SC063', '0', 1),
	(4, 'CT011', 'SC063', 'SC064', '0', 1),
	(4, 'CT011', 'SC064', 'SC064', '0', 1),
	(4, 'CT012', 'SC065', 'SC065', '0', 1),
	(4, 'CT012', 'SC065', 'SC066', '0', 1),
	(4, 'CT012', 'SC065', 'SC067', '0', 1),
	(4, 'CT012', 'SC065', 'SC068', '0', 1),
	(4, 'CT012', 'SC066', 'SC066', '0', 1),
	(4, 'CT012', 'SC066', 'SC067', '0', 1),
	(4, 'CT012', 'SC066', 'SC068', '0', 1),
	(4, 'CT012', 'SC067', 'SC067', '0', 1),
	(4, 'CT012', 'SC067', 'SC068', '0', 1),
	(4, 'CT012', 'SC068', 'SC068', '0', 1),
	(4, 'CT013', 'SC077', 'SC077', '0', 1),
	(4, 'CT013', 'SC077', 'SC078', '0', 1),
	(4, 'CT013', 'SC077', 'SC079', '0', 1),
	(4, 'CT013', 'SC077', 'SC080', '0', 1),
	(4, 'CT013', 'SC077', 'SC081', '0', 1),
	(4, 'CT013', 'SC078', 'SC078', '0', 1),
	(4, 'CT013', 'SC078', 'SC079', '0', 1),
	(4, 'CT013', 'SC078', 'SC080', '0', 1),
	(4, 'CT013', 'SC078', 'SC081', '0', 1),
	(4, 'CT013', 'SC079', 'SC079', '0', 1),
	(4, 'CT013', 'SC079', 'SC080', '0', 1),
	(4, 'CT013', 'SC079', 'SC081', '0', 1),
	(4, 'CT013', 'SC080', 'SC080', '0', 1),
	(4, 'CT013', 'SC080', 'SC081', '0', 1),
	(4, 'CT013', 'SC081', 'SC081', '0', 1),
	(4, 'CT014', 'SC082', 'SC082', '0', 1),
	(4, 'CT014', 'SC082', 'SC083', '0', 1),
	(4, 'CT014', 'SC082', 'SC084', '0', 1),
	(4, 'CT014', 'SC082', 'SC085', '0', 1),
	(4, 'CT014', 'SC082', 'SC086', '0', 1),
	(4, 'CT014', 'SC083', 'SC083', '0', 1),
	(4, 'CT014', 'SC083', 'SC084', '0', 1),
	(4, 'CT014', 'SC083', 'SC085', '0', 1),
	(4, 'CT014', 'SC083', 'SC086', '0', 1),
	(4, 'CT014', 'SC084', 'SC084', '0', 1),
	(4, 'CT014', 'SC084', 'SC085', '0', 1),
	(4, 'CT014', 'SC084', 'SC086', '0', 1),
	(4, 'CT014', 'SC085', 'SC085', '0', 1),
	(4, 'CT014', 'SC085', 'SC086', '0', 1),
	(4, 'CT014', 'SC086', 'SC086', '0', 1),
	(4, 'CT015', 'SC069', 'SC069', '0', 1),
	(4, 'CT015', 'SC069', 'SC070', '0', 1),
	(4, 'CT015', 'SC069', 'SC071', '0', 1),
	(4, 'CT015', 'SC070', 'SC070', '0', 1),
	(4, 'CT015', 'SC070', 'SC071', '0', 1),
	(4, 'CT015', 'SC071', 'SC071', '0', 1),
	(4, 'CT016', 'SC072', 'SC072', '0', 1),
	(4, 'CT016', 'SC072', 'SC073', '0', 1),
	(4, 'CT016', 'SC072', 'SC074', '0', 1),
	(4, 'CT016', 'SC072', 'SC075', '0', 1),
	(4, 'CT016', 'SC072', 'SC076', '0', 1),
	(4, 'CT016', 'SC073', 'SC073', '0', 1),
	(4, 'CT016', 'SC073', 'SC074', '0', 1),
	(4, 'CT016', 'SC073', 'SC075', '0', 1),
	(4, 'CT016', 'SC073', 'SC076', '0', 1),
	(4, 'CT016', 'SC074', 'SC074', '0', 1),
	(4, 'CT016', 'SC074', 'SC075', '0', 1),
	(4, 'CT016', 'SC074', 'SC076', '0', 1),
	(4, 'CT016', 'SC075', 'SC075', '0', 1),
	(4, 'CT016', 'SC075', 'SC076', '0', 1),
	(4, 'CT016', 'SC076', 'SC076', '0', 1),
	(4, 'CT017', 'SC087', 'SC087', '0', 1),
	(4, 'CT017', 'SC087', 'SC088', '0', 1),
	(4, 'CT017', 'SC087', 'SC089', '0', 1),
	(4, 'CT017', 'SC088', 'SC088', '0', 1),
	(4, 'CT017', 'SC088', 'SC089', '0', 1),
	(4, 'CT017', 'SC089', 'SC089', '0', 1),
	(4, 'CT019', 'SC090', 'SC090', '0', 1),
	(4, 'CT019', 'SC090', 'SC091', '0', 1),
	(4, 'CT019', 'SC090', 'SC092', '0', 1),
	(4, 'CT019', 'SC090', 'SC093', '0', 1),
	(4, 'CT019', 'SC090', 'SC094', '0', 1),
	(4, 'CT019', 'SC091', 'SC091', '0', 1),
	(4, 'CT019', 'SC091', 'SC092', '0', 1),
	(4, 'CT019', 'SC091', 'SC093', '0', 1),
	(4, 'CT019', 'SC091', 'SC094', '0', 1),
	(4, 'CT019', 'SC092', 'SC092', '0', 1),
	(4, 'CT019', 'SC092', 'SC093', '0', 1),
	(4, 'CT019', 'SC092', 'SC094', '0', 1),
	(4, 'CT019', 'SC093', 'SC093', '0', 1),
	(4, 'CT019', 'SC093', 'SC094', '0', 1),
	(4, 'CT019', 'SC094', 'SC094', '0', 1),
	(4, 'CT021', 'SC095', 'SC095', '0', 1),
	(4, 'CT021', 'SC095', 'SC096', '0', 1),
	(4, 'CT021', 'SC095', 'SC097', '0', 1),
	(4, 'CT021', 'SC095', 'SC098', '0', 1),
	(4, 'CT021', 'SC095', 'SC099', '0', 1),
	(4, 'CT021', 'SC095', 'SC100', '0', 1),
	(4, 'CT021', 'SC096', 'SC096', '0', 1),
	(4, 'CT021', 'SC096', 'SC097', '0', 1),
	(4, 'CT021', 'SC096', 'SC098', '0', 1),
	(4, 'CT021', 'SC096', 'SC099', '0', 1),
	(4, 'CT021', 'SC096', 'SC100', '0', 1),
	(4, 'CT021', 'SC097', 'SC097', '0', 1),
	(4, 'CT021', 'SC097', 'SC098', '0', 1),
	(4, 'CT021', 'SC097', 'SC099', '0', 1),
	(4, 'CT021', 'SC097', 'SC100', '0', 1),
	(4, 'CT021', 'SC098', 'SC098', '0', 1),
	(4, 'CT021', 'SC098', 'SC099', '0', 1),
	(4, 'CT021', 'SC098', 'SC100', '0', 1),
	(4, 'CT021', 'SC099', 'SC099', '0', 1),
	(4, 'CT021', 'SC099', 'SC100', '0', 1),
	(4, 'CT021', 'SC100', 'SC100', '0', 1),
	(4, 'CT022', 'SC101', 'SC101', '0', 1),
	(4, 'CT022', 'SC101', 'SC102', '0', 1),
	(4, 'CT022', 'SC101', 'SC103', '0', 1),
	(4, 'CT022', 'SC101', 'SC104', '0', 1),
	(4, 'CT022', 'SC102', 'SC102', '0', 1),
	(4, 'CT022', 'SC102', 'SC103', '0', 1),
	(4, 'CT022', 'SC102', 'SC104', '0', 1),
	(4, 'CT022', 'SC103', 'SC103', '0', 1),
	(4, 'CT022', 'SC103', 'SC104', '0', 1),
	(4, 'CT022', 'SC104', 'SC104', '0', 1),
	(4, 'CT004', 'SC013', 'SC105', '0', 1),
	(4, 'CT004', 'SC014', 'SC105', '0', 1),
	(4, 'CT004', 'SC015', 'SC105', '0', 1),
	(4, 'CT004', 'SC016', 'SC105', '0', 1),
	(4, 'CT004', 'SC105', 'SC105', '0', 1),
	(1, 'CT004', 'SC013', 'SC105', '0', 1),
	(1, 'CT004', 'SC014', 'SC105', '0', 1),
	(1, 'CT004', 'SC015', 'SC105', '0', 1),
	(1, 'CT004', 'SC016', 'SC105', '0', 1),
	(1, 'CT004', 'SC105', 'SC105', '0', 1),
	(2, 'CT004', 'SC013', 'SC105', '0', 1),
	(2, 'CT004', 'SC014', 'SC105', '0', 1),
	(2, 'CT004', 'SC015', 'SC105', '0', 1),
	(2, 'CT004', 'SC016', 'SC105', '0', 1),
	(2, 'CT004', 'SC105', 'SC105', '0', 1),
	(4, 'CT004', 'SC013', 'SC106', '0', 1),
	(4, 'CT004', 'SC014', 'SC106', '0', 1),
	(4, 'CT004', 'SC015', 'SC106', '0', 1),
	(4, 'CT004', 'SC016', 'SC106', '0', 1),
	(4, 'CT004', 'SC105', 'SC106', '0', 1),
	(4, 'CT004', 'SC106', 'SC106', '0', 1),
	(1, 'CT004', 'SC013', 'SC106', '0', 1),
	(1, 'CT004', 'SC014', 'SC106', '0', 1),
	(1, 'CT004', 'SC015', 'SC106', '0', 1),
	(1, 'CT004', 'SC016', 'SC106', '0', 1),
	(1, 'CT004', 'SC105', 'SC106', '0', 1),
	(1, 'CT004', 'SC106', 'SC106', '0', 1),
	(2, 'CT004', 'SC013', 'SC106', '0', 1),
	(2, 'CT004', 'SC014', 'SC106', '0', 1),
	(2, 'CT004', 'SC015', 'SC106', '0', 1),
	(2, 'CT004', 'SC016', 'SC106', '0', 1),
	(2, 'CT004', 'SC105', 'SC106', '0', 1),
	(2, 'CT004', 'SC106', 'SC106', '0', 1),
	(4, 'CT004', 'SC013', 'SC107', '0', 1),
	(4, 'CT004', 'SC014', 'SC107', '0', 1),
	(4, 'CT004', 'SC015', 'SC107', '0', 1),
	(4, 'CT004', 'SC016', 'SC107', '0', 1),
	(4, 'CT004', 'SC105', 'SC107', '0', 1),
	(4, 'CT004', 'SC106', 'SC107', '0', 1),
	(4, 'CT004', 'SC107', 'SC107', '0', 1),
	(1, 'CT004', 'SC013', 'SC107', '0', 1),
	(1, 'CT004', 'SC014', 'SC107', '0', 1),
	(1, 'CT004', 'SC015', 'SC107', '0', 1),
	(1, 'CT004', 'SC016', 'SC107', '0', 1),
	(1, 'CT004', 'SC105', 'SC107', '0', 1),
	(1, 'CT004', 'SC106', 'SC107', '0', 1),
	(1, 'CT004', 'SC107', 'SC107', '0', 1),
	(2, 'CT004', 'SC013', 'SC107', '0', 1),
	(2, 'CT004', 'SC014', 'SC107', '0', 1),
	(2, 'CT004', 'SC015', 'SC107', '0', 1),
	(2, 'CT004', 'SC016', 'SC107', '0', 1),
	(2, 'CT004', 'SC105', 'SC107', '0', 1),
	(2, 'CT004', 'SC106', 'SC107', '0', 1),
	(2, 'CT004', 'SC107', 'SC107', '0', 1),
	(4, 'CT004', 'SC013', 'SC108', '0', 1),
	(4, 'CT004', 'SC014', 'SC108', '0', 1),
	(4, 'CT004', 'SC015', 'SC108', '0', 1),
	(4, 'CT004', 'SC016', 'SC108', '0', 1),
	(4, 'CT004', 'SC105', 'SC108', '0', 1),
	(4, 'CT004', 'SC106', 'SC108', '0', 1),
	(4, 'CT004', 'SC107', 'SC108', '0', 1),
	(4, 'CT004', 'SC108', 'SC108', '0', 1),
	(1, 'CT004', 'SC013', 'SC108', '0', 1),
	(1, 'CT004', 'SC014', 'SC108', '0', 1),
	(1, 'CT004', 'SC015', 'SC108', '0', 1),
	(1, 'CT004', 'SC016', 'SC108', '0', 1),
	(1, 'CT004', 'SC105', 'SC108', '0', 1),
	(1, 'CT004', 'SC106', 'SC108', '0', 1),
	(1, 'CT004', 'SC107', 'SC108', '0', 1),
	(1, 'CT004', 'SC108', 'SC108', '0', 1),
	(2, 'CT004', 'SC013', 'SC108', '0', 1),
	(2, 'CT004', 'SC014', 'SC108', '0', 1),
	(2, 'CT004', 'SC015', 'SC108', '0', 1),
	(2, 'CT004', 'SC016', 'SC108', '0', 1),
	(2, 'CT004', 'SC105', 'SC108', '0', 1),
	(2, 'CT004', 'SC106', 'SC108', '0', 1),
	(2, 'CT004', 'SC107', 'SC108', '0', 1),
	(2, 'CT004', 'SC108', 'SC108', '0', 1),
	(4, 'CT004', 'SC013', 'SC109', '0', 1),
	(4, 'CT004', 'SC014', 'SC109', '0', 1),
	(4, 'CT004', 'SC015', 'SC109', '0', 1),
	(4, 'CT004', 'SC016', 'SC109', '0', 1),
	(4, 'CT004', 'SC105', 'SC109', '0', 1),
	(4, 'CT004', 'SC106', 'SC109', '0', 1),
	(4, 'CT004', 'SC107', 'SC109', '0', 1),
	(4, 'CT004', 'SC108', 'SC109', '0', 1),
	(4, 'CT004', 'SC109', 'SC109', '0', 1),
	(1, 'CT004', 'SC013', 'SC109', '0', 1),
	(1, 'CT004', 'SC014', 'SC109', '0', 1),
	(1, 'CT004', 'SC015', 'SC109', '0', 1),
	(1, 'CT004', 'SC016', 'SC109', '0', 1),
	(1, 'CT004', 'SC105', 'SC109', '0', 1),
	(1, 'CT004', 'SC106', 'SC109', '0', 1),
	(1, 'CT004', 'SC107', 'SC109', '0', 1),
	(1, 'CT004', 'SC108', 'SC109', '0', 1),
	(1, 'CT004', 'SC109', 'SC109', '0', 1),
	(2, 'CT004', 'SC013', 'SC109', '0', 1),
	(2, 'CT004', 'SC014', 'SC109', '0', 1),
	(2, 'CT004', 'SC015', 'SC109', '0', 1),
	(2, 'CT004', 'SC016', 'SC109', '0', 1),
	(2, 'CT004', 'SC105', 'SC109', '0', 1),
	(2, 'CT004', 'SC106', 'SC109', '0', 1),
	(2, 'CT004', 'SC107', 'SC109', '0', 1),
	(2, 'CT004', 'SC108', 'SC109', '0', 1),
	(2, 'CT004', 'SC109', 'SC109', '0', 1),
	(4, 'CT004', 'SC013', 'SC110', '0', 1),
	(4, 'CT004', 'SC014', 'SC110', '0', 1),
	(4, 'CT004', 'SC015', 'SC110', '0', 1),
	(4, 'CT004', 'SC016', 'SC110', '0', 1),
	(4, 'CT004', 'SC105', 'SC110', '0', 1),
	(4, 'CT004', 'SC106', 'SC110', '0', 1),
	(4, 'CT004', 'SC107', 'SC110', '0', 1),
	(4, 'CT004', 'SC108', 'SC110', '0', 1),
	(4, 'CT004', 'SC109', 'SC110', '0', 1),
	(4, 'CT004', 'SC110', 'SC110', '0', 1),
	(1, 'CT004', 'SC013', 'SC110', '0', 1),
	(1, 'CT004', 'SC014', 'SC110', '0', 1),
	(1, 'CT004', 'SC015', 'SC110', '0', 1),
	(1, 'CT004', 'SC016', 'SC110', '0', 1),
	(1, 'CT004', 'SC105', 'SC110', '0', 1),
	(1, 'CT004', 'SC106', 'SC110', '0', 1),
	(1, 'CT004', 'SC107', 'SC110', '0', 1),
	(1, 'CT004', 'SC108', 'SC110', '0', 1),
	(1, 'CT004', 'SC109', 'SC110', '0', 1),
	(1, 'CT004', 'SC110', 'SC110', '0', 1),
	(2, 'CT004', 'SC013', 'SC110', '0', 1),
	(2, 'CT004', 'SC014', 'SC110', '0', 1),
	(2, 'CT004', 'SC015', 'SC110', '0', 1),
	(2, 'CT004', 'SC016', 'SC110', '0', 1),
	(2, 'CT004', 'SC105', 'SC110', '0', 1),
	(2, 'CT004', 'SC106', 'SC110', '0', 1),
	(2, 'CT004', 'SC107', 'SC110', '0', 1),
	(2, 'CT004', 'SC108', 'SC110', '0', 1),
	(2, 'CT004', 'SC109', 'SC110', '0', 1),
	(2, 'CT004', 'SC110', 'SC110', '0', 1),
	(4, 'CT021', 'SC095', 'SC111', '0', 1),
	(4, 'CT021', 'SC096', 'SC111', '0', 1),
	(4, 'CT021', 'SC097', 'SC111', '0', 1),
	(4, 'CT021', 'SC098', 'SC111', '0', 1),
	(4, 'CT021', 'SC099', 'SC111', '0', 1),
	(4, 'CT021', 'SC100', 'SC111', '0', 1),
	(4, 'CT021', 'SC111', 'SC111', '0', 1),
	(1, 'CT021', 'SC095', 'SC111', '0', 1),
	(1, 'CT021', 'SC096', 'SC111', '0', 1),
	(1, 'CT021', 'SC097', 'SC111', '0', 1),
	(1, 'CT021', 'SC098', 'SC111', '0', 1),
	(1, 'CT021', 'SC099', 'SC111', '0', 1),
	(1, 'CT021', 'SC100', 'SC111', '0', 1),
	(1, 'CT021', 'SC111', 'SC111', '0', 1),
	(2, 'CT021', 'SC095', 'SC111', '0', 1),
	(2, 'CT021', 'SC096', 'SC111', '0', 1),
	(2, 'CT021', 'SC097', 'SC111', '0', 1),
	(2, 'CT021', 'SC098', 'SC111', '0', 1),
	(2, 'CT021', 'SC099', 'SC111', '0', 1),
	(2, 'CT021', 'SC100', 'SC111', '0', 1),
	(2, 'CT021', 'SC111', 'SC111', '0', 1),
	(4, 'CT021', 'SC095', 'SC112', '0', 1),
	(4, 'CT021', 'SC096', 'SC112', '0', 1),
	(4, 'CT021', 'SC097', 'SC112', '0', 1),
	(4, 'CT021', 'SC098', 'SC112', '0', 1),
	(4, 'CT021', 'SC099', 'SC112', '0', 1),
	(4, 'CT021', 'SC100', 'SC112', '0', 1),
	(4, 'CT021', 'SC111', 'SC112', '0', 1),
	(4, 'CT021', 'SC112', 'SC112', '0', 1),
	(1, 'CT021', 'SC095', 'SC112', '0', 1),
	(1, 'CT021', 'SC096', 'SC112', '0', 1),
	(1, 'CT021', 'SC097', 'SC112', '0', 1),
	(1, 'CT021', 'SC098', 'SC112', '0', 1),
	(1, 'CT021', 'SC099', 'SC112', '0', 1),
	(1, 'CT021', 'SC100', 'SC112', '0', 1),
	(1, 'CT021', 'SC111', 'SC112', '0', 1),
	(1, 'CT021', 'SC112', 'SC112', '0', 1),
	(2, 'CT021', 'SC095', 'SC112', '0', 1),
	(2, 'CT021', 'SC096', 'SC112', '0', 1),
	(2, 'CT021', 'SC097', 'SC112', '0', 1),
	(2, 'CT021', 'SC098', 'SC112', '0', 1),
	(2, 'CT021', 'SC099', 'SC112', '0', 1),
	(2, 'CT021', 'SC100', 'SC112', '0', 1),
	(2, 'CT021', 'SC111', 'SC112', '0', 1),
	(2, 'CT021', 'SC112', 'SC112', '0', 1),
	(4, 'CT021', 'SC095', 'SC113', '0', 1),
	(4, 'CT021', 'SC096', 'SC113', '0', 1),
	(4, 'CT021', 'SC097', 'SC113', '0', 1),
	(4, 'CT021', 'SC098', 'SC113', '0', 1),
	(4, 'CT021', 'SC099', 'SC113', '0', 1),
	(4, 'CT021', 'SC100', 'SC113', '0', 1),
	(4, 'CT021', 'SC111', 'SC113', '0', 1),
	(4, 'CT021', 'SC112', 'SC113', '0', 1),
	(4, 'CT021', 'SC113', 'SC113', '0', 1),
	(1, 'CT021', 'SC095', 'SC113', '0', 1),
	(1, 'CT021', 'SC096', 'SC113', '0', 1),
	(1, 'CT021', 'SC097', 'SC113', '0', 1),
	(1, 'CT021', 'SC098', 'SC113', '0', 1),
	(1, 'CT021', 'SC099', 'SC113', '0', 1),
	(1, 'CT021', 'SC100', 'SC113', '0', 1),
	(1, 'CT021', 'SC111', 'SC113', '0', 1),
	(1, 'CT021', 'SC112', 'SC113', '0', 1),
	(1, 'CT021', 'SC113', 'SC113', '0', 1),
	(2, 'CT021', 'SC095', 'SC113', '0', 1),
	(2, 'CT021', 'SC096', 'SC113', '0', 1),
	(2, 'CT021', 'SC097', 'SC113', '0', 1),
	(2, 'CT021', 'SC098', 'SC113', '0', 1),
	(2, 'CT021', 'SC099', 'SC113', '0', 1),
	(2, 'CT021', 'SC100', 'SC113', '0', 1),
	(2, 'CT021', 'SC111', 'SC113', '0', 1),
	(2, 'CT021', 'SC112', 'SC113', '0', 1),
	(2, 'CT021', 'SC113', 'SC113', '0', 1),
	(4, 'CT019', 'SC090', 'SC114', '0', 1),
	(4, 'CT019', 'SC091', 'SC114', '0', 1),
	(4, 'CT019', 'SC092', 'SC114', '0', 1),
	(4, 'CT019', 'SC093', 'SC114', '0', 1),
	(4, 'CT019', 'SC094', 'SC114', '0', 1),
	(4, 'CT019', 'SC114', 'SC114', '0', 1),
	(1, 'CT019', 'SC090', 'SC114', '0', 1),
	(1, 'CT019', 'SC091', 'SC114', '0', 1),
	(1, 'CT019', 'SC092', 'SC114', '0', 1),
	(1, 'CT019', 'SC093', 'SC114', '0', 1),
	(1, 'CT019', 'SC094', 'SC114', '0', 1),
	(1, 'CT019', 'SC114', 'SC114', '0', 1),
	(2, 'CT019', 'SC090', 'SC114', '0', 1),
	(2, 'CT019', 'SC091', 'SC114', '0', 1),
	(2, 'CT019', 'SC092', 'SC114', '0', 1),
	(2, 'CT019', 'SC093', 'SC114', '0', 1),
	(2, 'CT019', 'SC094', 'SC114', '0', 1),
	(2, 'CT019', 'SC114', 'SC114', '0', 1),
	(4, 'CT021', 'SC095', 'SC115', '0', 1),
	(4, 'CT021', 'SC096', 'SC115', '0', 1),
	(4, 'CT021', 'SC097', 'SC115', '0', 1),
	(4, 'CT021', 'SC098', 'SC115', '0', 1),
	(4, 'CT021', 'SC099', 'SC115', '0', 1),
	(4, 'CT021', 'SC100', 'SC115', '0', 1),
	(4, 'CT021', 'SC111', 'SC115', '0', 1),
	(4, 'CT021', 'SC112', 'SC115', '0', 1),
	(4, 'CT021', 'SC113', 'SC115', '0', 1),
	(4, 'CT021', 'SC115', 'SC115', '0', 1),
	(1, 'CT021', 'SC095', 'SC115', '0', 1),
	(1, 'CT021', 'SC096', 'SC115', '0', 1),
	(1, 'CT021', 'SC097', 'SC115', '0', 1),
	(1, 'CT021', 'SC098', 'SC115', '0', 1),
	(1, 'CT021', 'SC099', 'SC115', '0', 1),
	(1, 'CT021', 'SC100', 'SC115', '0', 1),
	(1, 'CT021', 'SC111', 'SC115', '0', 1),
	(1, 'CT021', 'SC112', 'SC115', '0', 1),
	(1, 'CT021', 'SC113', 'SC115', '0', 1),
	(1, 'CT021', 'SC115', 'SC115', '0', 1),
	(2, 'CT021', 'SC095', 'SC115', '0', 1),
	(2, 'CT021', 'SC096', 'SC115', '0', 1),
	(2, 'CT021', 'SC097', 'SC115', '0', 1),
	(2, 'CT021', 'SC098', 'SC115', '0', 1),
	(2, 'CT021', 'SC099', 'SC115', '0', 1),
	(2, 'CT021', 'SC100', 'SC115', '0', 1),
	(2, 'CT021', 'SC111', 'SC115', '0', 1),
	(2, 'CT021', 'SC112', 'SC115', '0', 1),
	(2, 'CT021', 'SC113', 'SC115', '0', 1),
	(2, 'CT021', 'SC115', 'SC115', '0', 1),
	(4, 'CT019', 'SC090', 'SC116', '0', 1),
	(4, 'CT019', 'SC091', 'SC116', '0', 1),
	(4, 'CT019', 'SC092', 'SC116', '0', 1),
	(4, 'CT019', 'SC093', 'SC116', '0', 1),
	(4, 'CT019', 'SC094', 'SC116', '0', 1),
	(4, 'CT019', 'SC114', 'SC116', '0', 1),
	(4, 'CT019', 'SC116', 'SC116', '0', 1),
	(1, 'CT019', 'SC090', 'SC116', '0', 1),
	(1, 'CT019', 'SC091', 'SC116', '0', 1),
	(1, 'CT019', 'SC092', 'SC116', '0', 1),
	(1, 'CT019', 'SC093', 'SC116', '0', 1),
	(1, 'CT019', 'SC094', 'SC116', '0', 1),
	(1, 'CT019', 'SC114', 'SC116', '0', 1),
	(1, 'CT019', 'SC116', 'SC116', '0', 1),
	(2, 'CT019', 'SC090', 'SC116', '0', 1),
	(2, 'CT019', 'SC091', 'SC116', '0', 1),
	(2, 'CT019', 'SC092', 'SC116', '0', 1),
	(2, 'CT019', 'SC093', 'SC116', '0', 1),
	(2, 'CT019', 'SC094', 'SC116', '0', 1),
	(2, 'CT019', 'SC114', 'SC116', '0', 1),
	(2, 'CT019', 'SC116', 'SC116', '0', 1),
	(4, 'CT019', 'SC090', 'SC117', '0', 1),
	(4, 'CT019', 'SC091', 'SC117', '0', 1),
	(4, 'CT019', 'SC092', 'SC117', '0', 1),
	(4, 'CT019', 'SC093', 'SC117', '0', 1),
	(4, 'CT019', 'SC094', 'SC117', '0', 1),
	(4, 'CT019', 'SC114', 'SC117', '0', 1),
	(4, 'CT019', 'SC116', 'SC117', '0', 1),
	(4, 'CT019', 'SC117', 'SC117', '0', 1),
	(1, 'CT019', 'SC090', 'SC117', '0', 1),
	(1, 'CT019', 'SC091', 'SC117', '0', 1),
	(1, 'CT019', 'SC092', 'SC117', '0', 1),
	(1, 'CT019', 'SC093', 'SC117', '0', 1),
	(1, 'CT019', 'SC094', 'SC117', '0', 1),
	(1, 'CT019', 'SC114', 'SC117', '0', 1),
	(1, 'CT019', 'SC116', 'SC117', '0', 1),
	(1, 'CT019', 'SC117', 'SC117', '0', 1),
	(2, 'CT019', 'SC090', 'SC117', '0', 1),
	(2, 'CT019', 'SC091', 'SC117', '0', 1),
	(2, 'CT019', 'SC092', 'SC117', '0', 1),
	(2, 'CT019', 'SC093', 'SC117', '0', 1),
	(2, 'CT019', 'SC094', 'SC117', '0', 1),
	(2, 'CT019', 'SC114', 'SC117', '0', 1),
	(2, 'CT019', 'SC116', 'SC117', '0', 1),
	(2, 'CT019', 'SC117', 'SC117', '0', 1),
	(4, 'CT019', 'SC090', 'SC118', '0', 1),
	(4, 'CT019', 'SC091', 'SC118', '0', 1),
	(4, 'CT019', 'SC092', 'SC118', '0', 1),
	(4, 'CT019', 'SC093', 'SC118', '0', 1),
	(4, 'CT019', 'SC094', 'SC118', '0', 1),
	(4, 'CT019', 'SC114', 'SC118', '0', 1),
	(4, 'CT019', 'SC116', 'SC118', '0', 1),
	(4, 'CT019', 'SC117', 'SC118', '0', 1),
	(4, 'CT019', 'SC118', 'SC118', '0', 1),
	(1, 'CT019', 'SC090', 'SC118', '0', 1),
	(1, 'CT019', 'SC091', 'SC118', '0', 1),
	(1, 'CT019', 'SC092', 'SC118', '0', 1),
	(1, 'CT019', 'SC093', 'SC118', '0', 1),
	(1, 'CT019', 'SC094', 'SC118', '0', 1),
	(1, 'CT019', 'SC114', 'SC118', '0', 1),
	(1, 'CT019', 'SC116', 'SC118', '0', 1),
	(1, 'CT019', 'SC117', 'SC118', '0', 1),
	(1, 'CT019', 'SC118', 'SC118', '0', 1),
	(2, 'CT019', 'SC090', 'SC118', '0', 1),
	(2, 'CT019', 'SC091', 'SC118', '0', 1),
	(2, 'CT019', 'SC092', 'SC118', '0', 1),
	(2, 'CT019', 'SC093', 'SC118', '0', 1),
	(2, 'CT019', 'SC094', 'SC118', '0', 1),
	(2, 'CT019', 'SC114', 'SC118', '0', 1),
	(2, 'CT019', 'SC116', 'SC118', '0', 1),
	(2, 'CT019', 'SC117', 'SC118', '0', 1),
	(2, 'CT019', 'SC118', 'SC118', '0', 1),
	(4, 'CT016', 'SC072', 'SC119', '0', 1),
	(4, 'CT016', 'SC073', 'SC119', '0', 1),
	(4, 'CT016', 'SC074', 'SC119', '0', 1),
	(4, 'CT016', 'SC075', 'SC119', '0', 1),
	(4, 'CT016', 'SC076', 'SC119', '0', 1),
	(4, 'CT016', 'SC119', 'SC119', '0', 1),
	(1, 'CT016', 'SC072', 'SC119', '0', 1),
	(1, 'CT016', 'SC073', 'SC119', '0', 1),
	(1, 'CT016', 'SC074', 'SC119', '0', 1),
	(1, 'CT016', 'SC075', 'SC119', '0', 1),
	(1, 'CT016', 'SC076', 'SC119', '0', 1),
	(1, 'CT016', 'SC119', 'SC119', '0', 1),
	(2, 'CT016', 'SC072', 'SC119', '0', 1),
	(2, 'CT016', 'SC073', 'SC119', '0', 1),
	(2, 'CT016', 'SC074', 'SC119', '0', 1),
	(2, 'CT016', 'SC075', 'SC119', '0', 1),
	(2, 'CT016', 'SC076', 'SC119', '0', 1),
	(2, 'CT016', 'SC119', 'SC119', '0', 1),
	(4, 'CT017', 'SC087', 'SC120', '0', 1),
	(4, 'CT017', 'SC088', 'SC120', '0', 1),
	(4, 'CT017', 'SC089', 'SC120', '0', 1),
	(4, 'CT017', 'SC120', 'SC120', '0', 1),
	(1, 'CT017', 'SC087', 'SC120', '0', 1),
	(1, 'CT017', 'SC088', 'SC120', '0', 1),
	(1, 'CT017', 'SC089', 'SC120', '0', 1),
	(1, 'CT017', 'SC120', 'SC120', '0', 1),
	(2, 'CT017', 'SC087', 'SC120', '0', 1),
	(2, 'CT017', 'SC088', 'SC120', '0', 1),
	(2, 'CT017', 'SC089', 'SC120', '0', 1),
	(2, 'CT017', 'SC120', 'SC120', '0', 1),
	(4, 'CT010', 'SC058', 'SC121', '0', 1),
	(4, 'CT010', 'SC059', 'SC121', '0', 1),
	(4, 'CT010', 'SC060', 'SC121', '0', 1),
	(4, 'CT010', 'SC121', 'SC121', '0', 1),
	(1, 'CT010', 'SC058', 'SC121', '0', 1),
	(1, 'CT010', 'SC059', 'SC121', '0', 1),
	(1, 'CT010', 'SC060', 'SC121', '0', 1),
	(1, 'CT010', 'SC121', 'SC121', '0', 1),
	(2, 'CT010', 'SC058', 'SC121', '0', 1),
	(2, 'CT010', 'SC059', 'SC121', '0', 1),
	(2, 'CT010', 'SC060', 'SC121', '0', 1),
	(2, 'CT010', 'SC121', 'SC121', '0', 1),
	(4, 'CT010', 'SC058', 'SC122', '0', 1),
	(4, 'CT010', 'SC059', 'SC122', '0', 1),
	(4, 'CT010', 'SC060', 'SC122', '0', 1),
	(4, 'CT010', 'SC121', 'SC122', '0', 1),
	(4, 'CT010', 'SC122', 'SC122', '0', 1),
	(1, 'CT010', 'SC058', 'SC122', '0', 1),
	(1, 'CT010', 'SC059', 'SC122', '0', 1),
	(1, 'CT010', 'SC060', 'SC122', '0', 1),
	(1, 'CT010', 'SC121', 'SC122', '0', 1),
	(1, 'CT010', 'SC122', 'SC122', '0', 1),
	(2, 'CT010', 'SC058', 'SC122', '0', 1),
	(2, 'CT010', 'SC059', 'SC122', '0', 1),
	(2, 'CT010', 'SC060', 'SC122', '0', 1),
	(2, 'CT010', 'SC121', 'SC122', '0', 1),
	(2, 'CT010', 'SC122', 'SC122', '0', 1),
	(4, 'CT014', 'SC082', 'SC123', '0', 1),
	(4, 'CT014', 'SC083', 'SC123', '0', 1),
	(4, 'CT014', 'SC084', 'SC123', '0', 1),
	(4, 'CT014', 'SC085', 'SC123', '0', 1),
	(4, 'CT014', 'SC086', 'SC123', '0', 1),
	(4, 'CT014', 'SC123', 'SC123', '0', 1),
	(1, 'CT014', 'SC082', 'SC123', '0', 1),
	(1, 'CT014', 'SC083', 'SC123', '0', 1),
	(1, 'CT014', 'SC084', 'SC123', '0', 1),
	(1, 'CT014', 'SC085', 'SC123', '0', 1),
	(1, 'CT014', 'SC086', 'SC123', '0', 1),
	(1, 'CT014', 'SC123', 'SC123', '0', 1),
	(2, 'CT014', 'SC082', 'SC123', '0', 1),
	(2, 'CT014', 'SC083', 'SC123', '0', 1),
	(2, 'CT014', 'SC084', 'SC123', '0', 1),
	(2, 'CT014', 'SC085', 'SC123', '0', 1),
	(2, 'CT014', 'SC086', 'SC123', '0', 1),
	(2, 'CT014', 'SC123', 'SC123', '0', 1),
	(4, 'CT014', 'SC082', 'SC124', '0', 1),
	(4, 'CT014', 'SC083', 'SC124', '0', 1),
	(4, 'CT014', 'SC084', 'SC124', '0', 1),
	(4, 'CT014', 'SC085', 'SC124', '0', 1),
	(4, 'CT014', 'SC086', 'SC124', '0', 1),
	(4, 'CT014', 'SC123', 'SC124', '0', 1),
	(4, 'CT014', 'SC124', 'SC124', '0', 1),
	(1, 'CT014', 'SC082', 'SC124', '0', 1),
	(1, 'CT014', 'SC083', 'SC124', '0', 1),
	(1, 'CT014', 'SC084', 'SC124', '0', 1),
	(1, 'CT014', 'SC085', 'SC124', '0', 1),
	(1, 'CT014', 'SC086', 'SC124', '0', 1),
	(1, 'CT014', 'SC123', 'SC124', '0', 1),
	(1, 'CT014', 'SC124', 'SC124', '0', 1),
	(2, 'CT014', 'SC082', 'SC124', '0', 1),
	(2, 'CT014', 'SC083', 'SC124', '0', 1),
	(2, 'CT014', 'SC084', 'SC124', '0', 1),
	(2, 'CT014', 'SC085', 'SC124', '0', 1),
	(2, 'CT014', 'SC086', 'SC124', '0', 1),
	(2, 'CT014', 'SC123', 'SC124', '0', 1),
	(2, 'CT014', 'SC124', 'SC124', '0', 1),
	(4, 'CT017', 'SC087', 'SC125', '0', 1),
	(4, 'CT017', 'SC088', 'SC125', '0', 1),
	(4, 'CT017', 'SC089', 'SC125', '0', 1),
	(4, 'CT017', 'SC120', 'SC125', '0', 1),
	(4, 'CT017', 'SC125', 'SC125', '0', 1),
	(1, 'CT017', 'SC087', 'SC125', '0', 1),
	(1, 'CT017', 'SC088', 'SC125', '0', 1),
	(1, 'CT017', 'SC089', 'SC125', '0', 1),
	(1, 'CT017', 'SC120', 'SC125', '0', 1),
	(1, 'CT017', 'SC125', 'SC125', '0', 1),
	(2, 'CT017', 'SC087', 'SC125', '0', 1),
	(2, 'CT017', 'SC088', 'SC125', '0', 1),
	(2, 'CT017', 'SC089', 'SC125', '0', 1),
	(2, 'CT017', 'SC120', 'SC125', '0', 1),
	(2, 'CT017', 'SC125', 'SC125', '0', 1),
	(4, 'CT016', 'SC072', 'SC126', '0', 1),
	(4, 'CT016', 'SC073', 'SC126', '0', 1),
	(4, 'CT016', 'SC074', 'SC126', '0', 1),
	(4, 'CT016', 'SC075', 'SC126', '0', 1),
	(4, 'CT016', 'SC076', 'SC126', '0', 1),
	(4, 'CT016', 'SC119', 'SC126', '0', 1),
	(4, 'CT016', 'SC126', 'SC126', '0', 1),
	(1, 'CT016', 'SC072', 'SC126', '0', 1),
	(1, 'CT016', 'SC073', 'SC126', '0', 1),
	(1, 'CT016', 'SC074', 'SC126', '0', 1),
	(1, 'CT016', 'SC075', 'SC126', '0', 1),
	(1, 'CT016', 'SC076', 'SC126', '0', 1),
	(1, 'CT016', 'SC119', 'SC126', '0', 1),
	(1, 'CT016', 'SC126', 'SC126', '0', 1),
	(2, 'CT016', 'SC072', 'SC126', '0', 1),
	(2, 'CT016', 'SC073', 'SC126', '0', 1),
	(2, 'CT016', 'SC074', 'SC126', '0', 1),
	(2, 'CT016', 'SC075', 'SC126', '0', 1),
	(2, 'CT016', 'SC076', 'SC126', '0', 1),
	(2, 'CT016', 'SC119', 'SC126', '0', 1),
	(2, 'CT016', 'SC126', 'SC126', '0', 1);
/*!40000 ALTER TABLE `ahp_subcriteria_weight` ENABLE KEYS */;


-- Dumping structure for table db_choosepc.allocation_product
CREATE TABLE IF NOT EXISTS `allocation_product` (
  `id` int(11) NOT NULL AUTO_INCREMENT,
  `hipo` int(11) DEFAULT NULL,
  `component` varchar(5) DEFAULT NULL,
  `allocation` int(11) NOT NULL DEFAULT '0',
  PRIMARY KEY (`id`),
  UNIQUE KEY `hipo_component` (`hipo`,`component`),
  KEY `FK_allocation_product_ahp_component_computer` (`component`),
  CONSTRAINT `FK_allocation_product_ahp_component_computer` FOREIGN KEY (`component`) REFERENCES `ahp_component_computer` (`id`) ON DELETE CASCADE ON UPDATE CASCADE,
  CONSTRAINT `FK_allocation_product_hipotesis` FOREIGN KEY (`hipo`) REFERENCES `hipotesis` (`id`) ON DELETE CASCADE ON UPDATE CASCADE
) ENGINE=InnoDB AUTO_INCREMENT=18 DEFAULT CHARSET=latin1;

-- Dumping data for table db_choosepc.allocation_product: ~15 rows (approximately)
/*!40000 ALTER TABLE `allocation_product` DISABLE KEYS */;
REPLACE INTO `allocation_product` (`id`, `hipo`, `component`, `allocation`) VALUES
	(1, 1, 'CM001', 20),
	(2, 1, 'CM004', 30),
	(3, 1, 'CM002', 10),
	(4, 1, 'CM005', 15),
	(5, 1, 'CM003', 5),
	(7, 2, 'CM001', 25),
	(8, 2, 'CM002', 15),
	(9, 2, 'CM003', 20),
	(10, 2, 'CM005', 10),
	(11, 2, 'CM004', 10),
	(13, 4, 'CM001', 30),
	(14, 4, 'CM002', 15),
	(15, 4, 'CM003', 20),
	(16, 4, 'CM004', 10),
	(17, 4, 'CM005', 10);
/*!40000 ALTER TABLE `allocation_product` ENABLE KEYS */;


-- Dumping structure for table db_choosepc.allocation_psu
CREATE TABLE IF NOT EXISTS `allocation_psu` (
  `id` int(11) NOT NULL AUTO_INCREMENT,
  `hipo` int(11) NOT NULL DEFAULT '0',
  `value` int(11) NOT NULL DEFAULT '0',
  PRIMARY KEY (`id`),
  UNIQUE KEY `hipo` (`hipo`),
  CONSTRAINT `FK_allocation_psu_hipotesis` FOREIGN KEY (`hipo`) REFERENCES `hipotesis` (`id`) ON DELETE CASCADE ON UPDATE CASCADE
) ENGINE=InnoDB AUTO_INCREMENT=4 DEFAULT CHARSET=latin1;

-- Dumping data for table db_choosepc.allocation_psu: ~3 rows (approximately)
/*!40000 ALTER TABLE `allocation_psu` DISABLE KEYS */;
REPLACE INTO `allocation_psu` (`id`, `hipo`, `value`) VALUES
	(1, 4, 10),
	(2, 1, 7),
	(3, 2, 11);
/*!40000 ALTER TABLE `allocation_psu` ENABLE KEYS */;


-- Dumping structure for table db_choosepc.app_admin
CREATE TABLE IF NOT EXISTS `app_admin` (
  `id` int(11) NOT NULL AUTO_INCREMENT,
  `username` varchar(10) NOT NULL,
  `password` char(64) NOT NULL,
  `remember_token` char(60) NOT NULL,
  `updated_at` datetime NOT NULL,
  `insert_at` datetime NOT NULL,
  PRIMARY KEY (`id`)
) ENGINE=InnoDB AUTO_INCREMENT=2 DEFAULT CHARSET=latin1;

-- Dumping data for table db_choosepc.app_admin: ~0 rows (approximately)
/*!40000 ALTER TABLE `app_admin` DISABLE KEYS */;
REPLACE INTO `app_admin` (`id`, `username`, `password`, `remember_token`, `updated_at`, `insert_at`) VALUES
	(1, 'admin', '$2y$10$M2CR6C.iir8E3xGHL53CTetFWpUBVUrxYzZgeS9Em9drSzhdzBbvm', 'T3yJjunTWsyIxnaX3038hEIIeTDA14AmKelQrGCOntm7Z09WDdnFRrhPdlR4', '2015-05-29 02:05:28', '0000-00-00 00:00:00');
/*!40000 ALTER TABLE `app_admin` ENABLE KEYS */;


-- Dumping structure for table db_choosepc.attribut_form_factor
CREATE TABLE IF NOT EXISTS `attribut_form_factor` (
  `id` int(11) NOT NULL AUTO_INCREMENT,
  `name_form_factor` char(50) NOT NULL,
  PRIMARY KEY (`id`)
) ENGINE=InnoDB AUTO_INCREMENT=4 DEFAULT CHARSET=latin1;

-- Dumping data for table db_choosepc.attribut_form_factor: ~3 rows (approximately)
/*!40000 ALTER TABLE `attribut_form_factor` DISABLE KEYS */;
REPLACE INTO `attribut_form_factor` (`id`, `name_form_factor`) VALUES
	(1, 'MATX'),
	(2, 'ATX'),
	(3, 'ITX');
/*!40000 ALTER TABLE `attribut_form_factor` ENABLE KEYS */;


-- Dumping structure for table db_choosepc.attribut_socket
CREATE TABLE IF NOT EXISTS `attribut_socket` (
  `id_socket` int(11) NOT NULL AUTO_INCREMENT,
  `name_socket` char(50) DEFAULT NULL,
  PRIMARY KEY (`id_socket`)
) ENGINE=InnoDB AUTO_INCREMENT=8 DEFAULT CHARSET=latin1;

-- Dumping data for table db_choosepc.attribut_socket: ~7 rows (approximately)
/*!40000 ALTER TABLE `attribut_socket` DISABLE KEYS */;
REPLACE INTO `attribut_socket` (`id_socket`, `name_socket`) VALUES
	(1, '1150'),
	(2, '1155'),
	(3, '1366'),
	(4, 'AM3'),
	(5, 'AM3+'),
	(6, 'LGA 2011-v3'),
	(7, 'FM2+');
/*!40000 ALTER TABLE `attribut_socket` ENABLE KEYS */;


-- Dumping structure for table db_choosepc.build_component_depend_criteria
CREATE TABLE IF NOT EXISTS `build_component_depend_criteria` (
  `id` int(11) NOT NULL AUTO_INCREMENT,
  `component_queue` varchar(5) NOT NULL DEFAULT '0',
  `criteria_1` varchar(5) NOT NULL DEFAULT '0',
  `rule` int(11) NOT NULL DEFAULT '0',
  `criteria_2` varchar(5) NOT NULL DEFAULT '0',
  PRIMARY KEY (`id`),
  UNIQUE KEY `component_queue_component_1_rule_component_2` (`component_queue`,`criteria_1`,`rule`,`criteria_2`),
  KEY `FK_build_component_depend_build_component_rule` (`rule`),
  KEY `FK_build_component_depend_ahp_component_computer_2` (`criteria_2`),
  KEY `component_1` (`criteria_1`),
  CONSTRAINT `build_component_depend_criteria_ibfk_1` FOREIGN KEY (`criteria_1`) REFERENCES `ahp_criteria` (`id_criteria`) ON UPDATE CASCADE,
  CONSTRAINT `build_component_depend_criteria_ibfk_2` FOREIGN KEY (`criteria_2`) REFERENCES `ahp_criteria` (`id_criteria`) ON UPDATE CASCADE,
  CONSTRAINT `build_component_depend_criteria_ibfk_3` FOREIGN KEY (`component_queue`) REFERENCES `build_component_queue` (`component`) ON DELETE CASCADE ON UPDATE CASCADE,
  CONSTRAINT `build_component_depend_criteria_ibfk_4` FOREIGN KEY (`rule`) REFERENCES `build_component_rule` (`id`) ON UPDATE CASCADE
) ENGINE=InnoDB DEFAULT CHARSET=latin1 ROW_FORMAT=COMPACT;

-- Dumping data for table db_choosepc.build_component_depend_criteria: ~0 rows (approximately)
/*!40000 ALTER TABLE `build_component_depend_criteria` DISABLE KEYS */;
/*!40000 ALTER TABLE `build_component_depend_criteria` ENABLE KEYS */;


-- Dumping structure for table db_choosepc.build_component_queue
CREATE TABLE IF NOT EXISTS `build_component_queue` (
  `id` int(11) NOT NULL AUTO_INCREMENT,
  `component` varchar(5) DEFAULT NULL,
  `need` tinyint(4) DEFAULT '0',
  PRIMARY KEY (`id`),
  UNIQUE KEY `component` (`component`),
  CONSTRAINT `FK_build_component_queue_ahp_component_computer` FOREIGN KEY (`component`) REFERENCES `ahp_component_computer` (`id`) ON UPDATE SET NULL
) ENGINE=InnoDB AUTO_INCREMENT=6 DEFAULT CHARSET=latin1;

-- Dumping data for table db_choosepc.build_component_queue: ~5 rows (approximately)
/*!40000 ALTER TABLE `build_component_queue` DISABLE KEYS */;
REPLACE INTO `build_component_queue` (`id`, `component`, `need`) VALUES
	(1, 'CM001', 1),
	(2, 'CM002', 1),
	(3, 'CM004', 1),
	(4, 'CM005', 1),
	(5, 'CM003', 0);
/*!40000 ALTER TABLE `build_component_queue` ENABLE KEYS */;


-- Dumping structure for table db_choosepc.build_component_rule
CREATE TABLE IF NOT EXISTS `build_component_rule` (
  `id` int(11) NOT NULL AUTO_INCREMENT,
  `rule` varchar(2) NOT NULL,
  PRIMARY KEY (`id`)
) ENGINE=InnoDB AUTO_INCREMENT=7 DEFAULT CHARSET=latin1;

-- Dumping data for table db_choosepc.build_component_rule: ~6 rows (approximately)
/*!40000 ALTER TABLE `build_component_rule` DISABLE KEYS */;
REPLACE INTO `build_component_rule` (`id`, `rule`) VALUES
	(1, '='),
	(2, '>'),
	(3, '>='),
	(4, '!='),
	(5, '<'),
	(6, '<=');
/*!40000 ALTER TABLE `build_component_rule` ENABLE KEYS */;


-- Dumping structure for table db_choosepc.build_depend
CREATE TABLE IF NOT EXISTS `build_depend` (
  `id` int(11) NOT NULL AUTO_INCREMENT,
  `component_1` varchar(5) NOT NULL DEFAULT '0',
  `rule` int(11) NOT NULL DEFAULT '0',
  `component_2` varchar(5) DEFAULT NULL,
  `name` varchar(100) NOT NULL DEFAULT '0',
  PRIMARY KEY (`id`),
  KEY `FK_build_component_depend_build_component_rule` (`rule`),
  KEY `component_queue` (`component_1`),
  KEY `FK_build_depend_build_component_queue` (`component_2`),
  CONSTRAINT `FK_build_component_depend_build_component_queue` FOREIGN KEY (`component_1`) REFERENCES `ahp_component_computer` (`id`) ON DELETE CASCADE ON UPDATE CASCADE,
  CONSTRAINT `FK_build_component_depend_build_component_rule` FOREIGN KEY (`rule`) REFERENCES `build_component_rule` (`id`) ON UPDATE CASCADE,
  CONSTRAINT `FK_build_depend_build_component_queue` FOREIGN KEY (`component_2`) REFERENCES `ahp_component_computer` (`id`) ON DELETE CASCADE ON UPDATE CASCADE
) ENGINE=InnoDB AUTO_INCREMENT=8 DEFAULT CHARSET=latin1;

-- Dumping data for table db_choosepc.build_depend: ~3 rows (approximately)
/*!40000 ALTER TABLE `build_depend` DISABLE KEYS */;
REPLACE INTO `build_depend` (`id`, `component_1`, `rule`, `component_2`, `name`) VALUES
	(4, 'CM001', 1, 'CM002', 'Socket'),
	(5, 'CM001', 5, 'CM002', 'TDP'),
	(7, 'CM002', 1, 'CM005', 'Slot Ram');
/*!40000 ALTER TABLE `build_depend` ENABLE KEYS */;


-- Dumping structure for table db_choosepc.build_depend_value
CREATE TABLE IF NOT EXISTS `build_depend_value` (
  `id` int(11) NOT NULL AUTO_INCREMENT,
  `depend` int(11) NOT NULL DEFAULT '0',
  `value` varchar(50) NOT NULL DEFAULT '0',
  PRIMARY KEY (`id`),
  UNIQUE KEY `depend_value` (`depend`,`value`),
  CONSTRAINT `FK_build_depend_copy_build_depend` FOREIGN KEY (`depend`) REFERENCES `build_depend` (`id`) ON DELETE CASCADE ON UPDATE CASCADE
) ENGINE=InnoDB AUTO_INCREMENT=21 DEFAULT CHARSET=latin1 ROW_FORMAT=COMPACT;

-- Dumping data for table db_choosepc.build_depend_value: ~16 rows (approximately)
/*!40000 ALTER TABLE `build_depend_value` DISABLE KEYS */;
REPLACE INTO `build_depend_value` (`id`, `depend`, `value`) VALUES
	(10, 4, '2011-V3'),
	(9, 4, 'AM1'),
	(17, 4, 'AM2'),
	(7, 4, 'AM3+'),
	(12, 4, 'FM1'),
	(15, 4, 'FM2'),
	(8, 4, 'FM2+'),
	(3, 4, 'LGA 1150'),
	(6, 4, 'LGA 1155'),
	(11, 4, 'LGA 1156'),
	(4, 4, 'LGA 1366'),
	(5, 4, 'LGA 2011'),
	(16, 4, 'LGA 775'),
	(20, 7, 'DDR 2'),
	(18, 7, 'DDR 3'),
	(19, 7, 'DDR 4');
/*!40000 ALTER TABLE `build_depend_value` ENABLE KEYS */;


-- Dumping structure for function db_choosepc.criteria
DELIMITER //
CREATE DEFINER=`root`@`localhost` FUNCTION `criteria`() RETURNS varchar(5) CHARSET latin1
BEGIN
  DECLARE COD VARCHAR(5);
  DECLARE MA INT;
select ifnull(max(RIGHT(id_criteria,3)),'000') INTO MA from ahp_criteria;
SET COD = CONCAT('CT',RIGHT(CONCAT('000',CONVERT(MA+1,CHAR)),3));
  RETURN COD;
END//
DELIMITER ;


-- Dumping structure for table db_choosepc.evidence
CREATE TABLE IF NOT EXISTS `evidence` (
  `id` int(11) NOT NULL AUTO_INCREMENT,
  `name` varchar(200) NOT NULL,
  `question` varchar(200) NOT NULL,
  `group_question` varchar(25) NOT NULL,
  PRIMARY KEY (`id`)
) ENGINE=InnoDB AUTO_INCREMENT=19 DEFAULT CHARSET=latin1;

-- Dumping data for table db_choosepc.evidence: ~15 rows (approximately)
/*!40000 ALTER TABLE `evidence` DISABLE KEYS */;
REPLACE INTO `evidence` (`id`, `name`, `question`, `group_question`) VALUES
	(4, 'ADOBE MASTER COLLECTION', 'Apakah anda menggunakan aplikasi ADOBE MASTER COLLECTION ?', 'A'),
	(5, 'COREL DRAW', 'Apakah anda menggunakan aplikasi COREL DRAW?', 'A'),
	(6, 'Chrome', 'Apakah anda sering menggunakan aplikasi chrome untuk browsing ?', 'A'),
	(7, '3dmax', 'Apakah anda sering menggunakan aplikasi 3dmax ?', 'A'),
	(8, 'Netbeans', 'Apakah anda sering menggunakan aplikasi Netbeans ?', 'A'),
	(9, 'Ms. Word', 'Apakah anda sering menggunakan aplikasi Ms. Word ?', 'A'),
	(10, 'Ms. Excel', 'Apakah anda sering menggunakan aplikasi Ms. Excel ?', 'A'),
	(11, 'Warcraft', 'Apakah anda sering menggunakan aplikasi Warcraft ?', 'A'),
	(12, 'GTA : San Andreas', 'Apakah anda sering menggunakan aplikasi GTA : San Andreas ?', 'A'),
	(13, 'NFS Most Wanted', 'Apakah anda sering menggunakan aplikasi NFS Most Wanted ?', 'A'),
	(14, 'Crysis 3', 'Apakah anda sering menggunakan aplikasi Crysis 3 ?', 'A'),
	(15, 'DMC 4', 'Apakah anda sering menggunakan aplikasi DMC 4 ?', 'A'),
	(16, 'Assasin Creed', 'Apakah anda sering menggunakan aplikasi Assasin Creed ?', 'A'),
	(17, 'Video Player', 'Apakah anda sering menggunakan aplikasi Video Player ?', 'A'),
	(18, 'Blender', 'Apakah anda sering menggunakan aplikasi Blender ?', 'A');
/*!40000 ALTER TABLE `evidence` ENABLE KEYS */;


-- Dumping structure for function db_choosepc.hello_world
DELIMITER //
CREATE DEFINER=`root`@`localhost` FUNCTION `hello_world`(addressee TEXT) RETURNS text CHARSET latin1
BEGIN
  DECLARE strlen INT;
  SET strlen = LENGTH(addressee);
  RETURN CONCAT('Hello ', addressee, ' - your parameter has ', strlen, ' characters');
END//
DELIMITER ;


-- Dumping structure for table db_choosepc.hipotesis
CREATE TABLE IF NOT EXISTS `hipotesis` (
  `id` int(11) NOT NULL AUTO_INCREMENT,
  `name` varchar(255) COLLATE utf8_unicode_ci NOT NULL,
  `probabilitas` varchar(255) COLLATE utf8_unicode_ci NOT NULL,
  PRIMARY KEY (`id`),
  UNIQUE KEY `Index 2` (`name`)
) ENGINE=InnoDB AUTO_INCREMENT=7 DEFAULT CHARSET=utf8 COLLATE=utf8_unicode_ci;

-- Dumping data for table db_choosepc.hipotesis: ~4 rows (approximately)
/*!40000 ALTER TABLE `hipotesis` DISABLE KEYS */;
REPLACE INTO `hipotesis` (`id`, `name`, `probabilitas`) VALUES
	(1, 'Kantor', '0.2'),
	(2, 'Multimedia', '0.3'),
	(4, 'GAME', '0.5'),
	(5, 'SERVER', '0.5');
/*!40000 ALTER TABLE `hipotesis` ENABLE KEYS */;


-- Dumping structure for table db_choosepc.migrations
CREATE TABLE IF NOT EXISTS `migrations` (
  `migration` varchar(255) COLLATE utf8_unicode_ci NOT NULL,
  `batch` int(11) NOT NULL
) ENGINE=InnoDB DEFAULT CHARSET=utf8 COLLATE=utf8_unicode_ci;

-- Dumping data for table db_choosepc.migrations: ~15 rows (approximately)
/*!40000 ALTER TABLE `migrations` DISABLE KEYS */;
REPLACE INTO `migrations` (`migration`, `batch`) VALUES
	('2014_10_12_000000_create_users_table', 1),
	('2014_10_12_100000_create_password_resets_table', 1),
	('2015_03_05_134857_create_evidence_table', 1),
	('2015_03_05_135244_create_hipotesis_table', 2),
	('2015_03_05_135453_create_rule_bayes_table', 2),
	('2015_03_05_135458_create_rule_ahp_table', 2),
	('2015_03_05_135926_create_komponen_table', 2),
	('2015_03_05_145154_create_evidence_models_table', 3),
	('2015_03_05_145244_create_hipotesis_models_table', 3),
	('2015_03_05_145258_create_rule_bayes_models_table', 3),
	('2015_03_28_071117_create_ahp_rule_models_table', 3),
	('2015_03_28_071413_create_ahp_bayes_schema_models_table', 3),
	('2015_03_28_071423_create_ahp_criteria_models_table', 3),
	('2015_03_28_153041_create_ahp_component_computers_table', 3),
	('2015_03_28_153052_create_ahp_component_computer_models_table', 3);
/*!40000 ALTER TABLE `migrations` ENABLE KEYS */;


-- Dumping structure for table db_choosepc.password_resets
CREATE TABLE IF NOT EXISTS `password_resets` (
  `email` varchar(255) COLLATE utf8_unicode_ci NOT NULL,
  `token` varchar(255) COLLATE utf8_unicode_ci NOT NULL,
  `created_at` timestamp NOT NULL DEFAULT '0000-00-00 00:00:00',
  KEY `password_resets_email_index` (`email`),
  KEY `password_resets_token_index` (`token`)
) ENGINE=InnoDB DEFAULT CHARSET=utf8 COLLATE=utf8_unicode_ci;

-- Dumping data for table db_choosepc.password_resets: ~0 rows (approximately)
/*!40000 ALTER TABLE `password_resets` DISABLE KEYS */;
/*!40000 ALTER TABLE `password_resets` ENABLE KEYS */;


-- Dumping structure for table db_choosepc.product
CREATE TABLE IF NOT EXISTS `product` (
  `id` int(11) NOT NULL AUTO_INCREMENT,
  `component` varchar(5) DEFAULT '0',
  `name` char(100) NOT NULL,
  `price` int(11) DEFAULT NULL,
  `consumption` int(11) DEFAULT NULL,
  PRIMARY KEY (`id`),
  KEY `FK__ahp_component_computer` (`component`),
  CONSTRAINT `product_ibfk_1` FOREIGN KEY (`component`) REFERENCES `ahp_component_computer` (`id`) ON DELETE CASCADE ON UPDATE CASCADE
) ENGINE=InnoDB AUTO_INCREMENT=116 DEFAULT CHARSET=latin1 ROW_FORMAT=COMPACT;

-- Dumping data for table db_choosepc.product: ~91 rows (approximately)
/*!40000 ALTER TABLE `product` DISABLE KEYS */;
REPLACE INTO `product` (`id`, `component`, `name`, `price`, `consumption`) VALUES
	(1, 'CM001', 'Intel Core i3-4160', 105, 73),
	(2, 'CM001', 'Intel Core i5-4590', 190, 95),
	(3, 'CM001', 'Intel Core i5-4690K', 200, 95),
	(4, 'CM001', 'Intel Core i7-5820K', 330, 100),
	(5, 'CM001', 'Intel Core i5-4690K', 243, 85),
	(6, 'CM001', 'Core i7-5820K', 390, 100),
	(7, 'CM001', 'Pentium G3258', 72, 65),
	(8, 'CM001', 'Core i5-4590', 200, 85),
	(9, 'CM001', 'Core i7-5960X', 103, 100),
	(10, 'CM001', 'AMD FX-9590', 290, 200),
	(12, 'CM001', 'AMD 760K Richland', 78, 100),
	(13, 'CM001', 'AMD A6-7400K', 65, 85),
	(15, 'CM001', 'Pentium G3220', 64, 65),
	(16, 'CM001', 'AMD A-Series APU A10-5800K', 90, 85),
	(17, 'CM002', 'Z87 Extreme 4', 200, 80),
	(18, 'CM002', 'Z97 Extreme4', 147, 0),
	(19, 'CM002', 'Z97 GAMING 5', 126, 80),
	(20, 'CM002', 'GA-Z97X-UD5H-BK', 165, 80),
	(21, 'CM002', 'MAXIMUS VI HERO', 140, 60),
	(22, 'CM002', '970A-G46', 70, 90),
	(23, 'CM002', 'H97M Anniversary', 60, 50),
	(24, 'CM002', 'Z97 OC Formula', 150, 50),
	(25, 'CM002', 'F2A55-M LK PLUS', 49, 50),
	(26, 'CM005', 'G.SKILL Ripjaws X Series', 150, 15),
	(27, 'CM003', 'GeForce GT510', 100, 60),
	(28, 'CM005', 'CORSAIR Vengeance Pro (16GB)', 150, 15),
	(29, 'CM003', 'GeForce GT420', 50, 50),
	(30, 'CM005', 'Crucial CT51264BA160BJ', 150, 15),
	(31, 'CM003', 'EVGA NVIDIA GeForce GTX 970', 350, 170),
	(32, 'CM005', 'CORSAIR Vengeance', 150, 15),
	(33, 'CM003', 'NVIDIA GeForce GTX 960', 300, 200),
	(34, 'CM005', 'G.SKILL Trident X Series (16GB)', 150, 15),
	(35, 'CM003', 'AMD Radeon R9 280X', 230, 200),
	(36, 'CM005', 'HyperX FURY', 150, 15),
	(37, 'CM003', 'MSI GTX 970 GAMING 4G GeForce GTX 970', 250, 150),
	(38, 'CM005', 'Crucial CT2KIT102464BF160B (16GB)', 150, 15),
	(39, 'CM003', 'ASUS TURBO-GTX970-OC-4GD5 GeForce GTX 970', 330, 150),
	(40, 'CM004', 'Seagate Desktop SSHD', 100, 80),
	(41, 'CM003', 'EVGA 04G-P4-2986-KR GeForce GTX 980', 580, 180),
	(42, 'CM004', 'WD Green WD40EZRX', 140, 12),
	(43, 'CM003', 'GIGABYTE GV-N970WF3OC-4GD GeForce GTX 970', 350, 180),
	(44, 'CM004', 'Seagate ST3000VN000', 115, 12),
	(45, 'CM003', 'PowerColor PCS+ AXR9 290X 4GBD5-PPDHE Radeon R9 29', 320, 250),
	(46, 'CM004', 'WD BLACK SERIES WD7500BPKX', 62, 12),
	(47, 'CM003', 'MSI R9 290 GAMING 4G AMD Radeon R9 290', 300, 250),
	(48, 'CM004', 'Seagate Barracuda ST1000DM003', 52, 12),
	(50, 'CM004', 'HGST Deskstar NAS H3IKNAS600012872SN (0S03839)', 290, 12),
	(52, 'CM004', 'WD Red WD30EFRX', 120, 12),
	(72, 'CM002', 'H61M-VS R2.0', 36, 50),
	(73, 'CM002', 'B75M-DGS R2.0', 70, 60),
	(74, 'CM002', 'Asrock P75 PRO3', 0, 0),
	(76, 'CM001', 'Intel Core 2 Quad Processor Q6600', 100, 95),
	(77, 'CM001', 'Intel Pentium Processor G3258', 85, 90),
	(78, 'CM001', 'Intel Core i3-4160', 117, 90),
	(79, 'CM001', 'Intel Core i5-4570', 202, 85),
	(80, 'CM001', 'AMD Sempron LE-1200', 200, 80),
	(81, 'CM002', 'Asus P8Z77-V LX', 0, 0),
	(82, 'CM005', 'Kingston 2 gb', 20, 10),
	(83, 'CM001', 'INTEL G1820 2.7GHz 2CORE L3:3MB 22NM 54W TRAY', 42, 50),
	(84, 'CM001', 'INTEL G1620 2.8G, 2MB, 22NM, 55W', 42, 0),
	(85, 'CM001', 'INTEL G2030 3.0G, 3MB, 22NM, 55W', 64, 0),
	(86, 'CM001', 'CORE I3 3240 3.4G BOX, 3MB, 22NM, 55W', 117, 0),
	(87, 'CM001', 'INTEL G3240 2.7GHz 2CORE L3:3MB 22NM 54W TRAY', 64, 0),
	(88, 'CM001', 'CORE i3 4130 3.4GHz 2CORE L3:3MB 22NM 54W', 117, 0),
	(89, 'CM001', 'CORE I5 4460 3.2GHz BOX, 6MB, 22NM, 84W', 187, 0),
	(90, 'CM001', 'CORE I7 4790 3.6G BOX, 6MB, 22NM, 84W HASWELL REFRESH', 312, 0),
	(91, 'CM001', 'CORE I7 4790K 3.6G BOX, 6MB, 22NM, 84W UNLOCKED', 350, 0),
	(92, 'CM001', 'A8- 7600 3.1G BOX, 4CORE, GPU RADEON R7, 384 Cores, 720MHz', 90, 0),
	(93, 'CM001', 'A10- 7800 3.5G BOX, 4CORE, GPU RADEON R7, 384 Cores, 720MHz', 135, 0),
	(94, 'CM005', 'Kingston 1GB 240-Pin', 30, 0),
	(95, 'CM005', 'Kingston 2GB 240-Pin', 26, 0),
	(96, 'CM005', 'Kingston 2GB 240-Pin DDR3', 17, 0),
	(97, 'CM005', 'Axiom 2GB 240-Pin', 22, 0),
	(98, 'CM005', 'Crucial 2GB 240-Pin', 18, 0),
	(99, 'CM005', 'EDGE Tech 2GB', 180, 0),
	(100, 'CM005', 'Visiontek 2GB', 30, 0),
	(101, 'CM005', 'NEW For AMD Motherboard 2GB', 30, 0),
	(102, 'CM005', 'Visiontek Performance 2GB', 30, 0),
	(103, 'CM004', 'TOSHIBA DT01ACA050 500GB', 45, 0),
	(104, 'CM004', 'Seagate NAS HDD ST3000VN000 3TB', 115, 0),
	(105, 'CM004', 'Seagate Barracuda ST2000DM001 2TB', 77, 0),
	(106, 'CM003', 'PowerColor TurboDuo AXR9', 170, 0),
	(107, 'CM004', 'WD BLACK SERIES WD7500BPKX 750GB', 62, 0),
	(108, 'CM003', 'SAPPHIRE 100362-3L Radeon R9 290', 270, 0),
	(109, 'CM004', 'TOSHIBA PH3300U-1I72 3TB', 105, 0),
	(110, 'CM004', 'Western Digital Blue WD10EZEX 1TB', 55, 0),
	(111, 'CM004', 'WD Green WD40EZRX 4TB', 140, 0),
	(112, 'CM004', 'TOSHIBA DT01ACA300 3TB', 95, 0),
	(113, 'CM004', 'Seagate ST4000VX000 4TB', 165, 0),
	(114, 'CM004', 'WD Blue WD5000LPVX 500GB', 45, 0),
	(115, 'CM004', 'Segate 160GB', 20, 12);
/*!40000 ALTER TABLE `product` ENABLE KEYS */;


-- Dumping structure for table db_choosepc.product_comp_description
CREATE TABLE IF NOT EXISTS `product_comp_description` (
  `component` varchar(5) DEFAULT NULL,
  `id` int(11) NOT NULL AUTO_INCREMENT,
  `description` char(100) NOT NULL DEFAULT '0',
  PRIMARY KEY (`id`),
  UNIQUE KEY `component_description` (`component`,`description`),
  KEY `FK_product_comp_description_ahp_component_computer` (`component`),
  CONSTRAINT `product_comp_description_ibfk_1` FOREIGN KEY (`component`) REFERENCES `ahp_component_computer` (`id`) ON DELETE CASCADE ON UPDATE CASCADE
) ENGINE=InnoDB AUTO_INCREMENT=28 DEFAULT CHARSET=latin1 ROW_FORMAT=COMPACT;

-- Dumping data for table db_choosepc.product_comp_description: ~11 rows (approximately)
/*!40000 ALTER TABLE `product_comp_description` DISABLE KEYS */;
REPLACE INTO `product_comp_description` (`component`, `id`, `description`) VALUES
	('CM001', 1, 'Clock'),
	('CM001', 6, 'Graphic'),
	('CM002', 9, 'Board'),
	('CM002', 12, 'Socket'),
	('CM002', 11, 'TDP Support'),
	('CM003', 15, 'Interface'),
	('CM003', 18, 'Memory Interface'),
	('CM003', 17, 'Minimum Psu'),
	('CM003', 20, 'TDP'),
	('CM004', 27, 'Board'),
	('CM005', 25, 'Timing');
/*!40000 ALTER TABLE `product_comp_description` ENABLE KEYS */;


-- Dumping structure for table db_choosepc.product_depend
CREATE TABLE IF NOT EXISTS `product_depend` (
  `id` int(11) NOT NULL AUTO_INCREMENT,
  `product` int(11) DEFAULT NULL,
  `build_depend` int(11) DEFAULT NULL,
  `depend` int(11) DEFAULT NULL,
  `value` int(11) DEFAULT NULL,
  PRIMARY KEY (`id`),
  KEY `FK__build_depend_value` (`depend`),
  KEY `FK__product` (`product`),
  KEY `FK_product_depend_build_depend` (`build_depend`),
  CONSTRAINT `FK__build_depend_value` FOREIGN KEY (`depend`) REFERENCES `build_depend_value` (`id`) ON DELETE CASCADE ON UPDATE CASCADE,
  CONSTRAINT `FK__product` FOREIGN KEY (`product`) REFERENCES `product` (`id`) ON DELETE CASCADE ON UPDATE CASCADE,
  CONSTRAINT `FK_product_depend_build_depend` FOREIGN KEY (`build_depend`) REFERENCES `build_depend` (`id`) ON DELETE CASCADE ON UPDATE CASCADE
) ENGINE=InnoDB AUTO_INCREMENT=61 DEFAULT CHARSET=latin1;

-- Dumping data for table db_choosepc.product_depend: ~53 rows (approximately)
/*!40000 ALTER TABLE `product_depend` DISABLE KEYS */;
REPLACE INTO `product_depend` (`id`, `product`, `build_depend`, `depend`, `value`) VALUES
	(4, 83, 4, 6, NULL),
	(5, 83, 5, NULL, 53),
	(6, 84, 4, 6, NULL),
	(7, 84, 5, NULL, 55),
	(10, 85, 4, 6, NULL),
	(11, 85, 5, NULL, 55),
	(12, 86, 4, 6, NULL),
	(13, 86, 5, NULL, 55),
	(14, 87, 4, 3, NULL),
	(15, 87, 5, NULL, 35),
	(16, 88, 4, 3, NULL),
	(17, 88, 5, NULL, 54),
	(18, 89, 4, 3, NULL),
	(19, 89, 5, NULL, 84),
	(20, 90, 4, 3, NULL),
	(21, 90, 5, NULL, 84),
	(24, 91, 4, 3, NULL),
	(25, 91, 5, NULL, 88),
	(26, 92, 4, 8, NULL),
	(27, 92, 5, NULL, 65),
	(28, 93, 4, 8, NULL),
	(29, 93, 5, NULL, 65),
	(30, 1, 5, NULL, 84),
	(31, 2, 5, NULL, 84),
	(32, 3, 5, NULL, 88),
	(33, 4, 5, NULL, 0),
	(34, 5, 5, NULL, 88),
	(35, 6, 5, NULL, 140),
	(36, 7, 5, NULL, 53),
	(37, 8, 5, NULL, 84),
	(38, 9, 5, NULL, 140),
	(39, 10, 5, NULL, 220),
	(40, 12, 5, NULL, 100),
	(41, 13, 5, NULL, 0),
	(42, 15, 5, NULL, 53),
	(43, 76, 5, NULL, 105),
	(44, 77, 5, NULL, 53),
	(45, 78, 5, NULL, 54),
	(46, 79, 5, NULL, 84),
	(47, 80, 5, NULL, 45),
	(48, 16, 5, NULL, 100),
	(49, 94, 7, 20, NULL),
	(50, 95, 7, 20, NULL),
	(51, 96, 7, 18, NULL),
	(52, 97, 7, 18, NULL),
	(53, 98, 7, 18, NULL),
	(54, 99, 7, 18, NULL),
	(55, 100, 7, 18, NULL),
	(56, 101, 7, 20, NULL),
	(57, 102, 7, 18, NULL),
	(58, 81, 5, NULL, 0),
	(59, 18, 5, NULL, 0),
	(60, 24, 5, NULL, 0);
/*!40000 ALTER TABLE `product_depend` ENABLE KEYS */;


-- Dumping structure for table db_choosepc.product_description
CREATE TABLE IF NOT EXISTS `product_description` (
  `product` int(11) DEFAULT NULL,
  `id` int(11) NOT NULL AUTO_INCREMENT,
  `description` int(11) DEFAULT NULL,
  `content` varchar(50) DEFAULT NULL,
  PRIMARY KEY (`id`),
  UNIQUE KEY `product_description` (`product`,`description`),
  KEY `FK_product_description_product_comp_description` (`description`),
  CONSTRAINT `FK_product_description_product` FOREIGN KEY (`product`) REFERENCES `product` (`id`) ON DELETE CASCADE ON UPDATE CASCADE,
  CONSTRAINT `FK_product_description_product_comp_description` FOREIGN KEY (`description`) REFERENCES `product_comp_description` (`id`) ON DELETE CASCADE ON UPDATE CASCADE
) ENGINE=InnoDB AUTO_INCREMENT=732 DEFAULT CHARSET=latin1 ROW_FORMAT=COMPACT;

-- Dumping data for table db_choosepc.product_description: ~179 rows (approximately)
/*!40000 ALTER TABLE `product_description` DISABLE KEYS */;
REPLACE INTO `product_description` (`product`, `id`, `description`, `content`) VALUES
	(1, 160, 1, '3.6 GHz'),
	(1, 162, 6, 'Intel HD Graphics 4400'),
	(2, 167, 1, '3.3 GHz'),
	(2, 169, 6, 'Intel HD Graphics 4600'),
	(3, 174, 1, '3.5 GHz'),
	(3, 176, 6, 'Intel HD Graphics 4600'),
	(4, 181, 1, '3.3 GHz'),
	(4, 183, 6, '0'),
	(5, 188, 1, '3.5 GHz'),
	(5, 190, 6, 'Intel HD Graphics 4600'),
	(6, 195, 1, '3.3 GHz'),
	(6, 197, 6, ''),
	(7, 202, 1, '3.2 GHz'),
	(7, 204, 6, 'Intel HD Graphics'),
	(8, 209, 1, '3.3 GHz'),
	(8, 211, 6, 'Intel HD Graphics 4600'),
	(9, 216, 1, '3 GHz'),
	(9, 218, 6, ''),
	(10, 223, 1, '4.7GHz'),
	(10, 225, 6, ''),
	(12, 237, 1, '3.8GHz'),
	(12, 239, 6, ''),
	(13, 244, 1, '3.5GHz'),
	(13, 246, 6, 'Radeon R5 series'),
	(16, 258, 1, '3.8GHz'),
	(16, 260, 6, 'AMD Radeon HD 7660D'),
	(15, 265, 1, '3 GHz'),
	(15, 267, 6, 'Intel HD Graphics'),
	(17, 272, 9, 'Asrock'),
	(17, 276, 12, '1'),
	(17, 277, 11, '84'),
	(18, 278, 9, 'Asrock'),
	(18, 282, 12, '1'),
	(18, 283, 11, '84'),
	(19, 284, 9, 'MSI'),
	(19, 288, 12, '1'),
	(19, 289, 11, '0'),
	(20, 290, 9, 'GIGABYTE'),
	(20, 294, 12, '1'),
	(20, 295, 11, '0'),
	(21, 296, 9, 'ASUS'),
	(21, 300, 12, '1'),
	(21, 301, 11, '0'),
	(22, 302, 9, 'MSI'),
	(22, 306, 12, '5'),
	(22, 307, 11, '0'),
	(23, 308, 9, 'ASRock'),
	(23, 312, 12, '1'),
	(23, 313, 11, '0'),
	(24, 314, 9, 'ASROCK'),
	(24, 318, 12, '1'),
	(24, 319, 11, '0'),
	(25, 320, 9, 'ASUS'),
	(25, 324, 12, '7'),
	(25, 325, 11, '0'),
	(26, 329, 25, '9-9-9-24'),
	(28, 333, 25, '9-10-9-27'),
	(30, 337, 25, '0'),
	(32, 341, 25, '9-9-9-24'),
	(34, 345, 25, '10-12-12-31'),
	(36, 349, 25, '10-11-10'),
	(38, 353, 25, '0'),
	(27, 356, 15, 'PCI Ex 16'),
	(27, 357, 18, '0'),
	(27, 358, 17, '300'),
	(27, 360, 20, '25'),
	(29, 363, 15, 'PCI Ex 16'),
	(29, 364, 18, '0'),
	(29, 365, 17, '300'),
	(29, 367, 20, '50'),
	(31, 379, 15, 'PCI Express 3.0'),
	(31, 380, 18, '256'),
	(31, 381, 17, '500'),
	(31, 383, 20, '0'),
	(33, 392, 15, 'PCI Express 3.0'),
	(33, 393, 18, '128'),
	(33, 394, 17, '430'),
	(33, 396, 20, '0'),
	(35, 402, 15, 'PCI Express 3.0'),
	(35, 403, 18, '384'),
	(35, 404, 17, '600'),
	(35, 406, 20, '0'),
	(37, 412, 15, 'PCI Express 3.0 x16'),
	(37, 413, 18, '256'),
	(37, 414, 17, '500'),
	(37, 416, 20, '0'),
	(39, 419, 15, 'PCI Express 3.0'),
	(39, 420, 18, '256'),
	(39, 421, 17, '500'),
	(39, 423, 20, '0'),
	(41, 426, 15, 'PCI Express 3.0 x16'),
	(41, 427, 18, '256'),
	(41, 428, 17, '520'),
	(41, 430, 20, '0'),
	(43, 445, 15, 'PCI Express 3.0'),
	(43, 446, 18, '256'),
	(43, 447, 17, '500'),
	(43, 449, 20, '0'),
	(45, 464, 15, 'PCI Express 3.0'),
	(45, 465, 18, '512'),
	(45, 466, 17, '650'),
	(45, 468, 20, '0'),
	(47, 483, 15, 'PCI Express 3.0 x16'),
	(47, 484, 18, '512'),
	(47, 485, 17, '650'),
	(47, 487, 20, '0'),
	(72, 554, 9, 'ASROCK'),
	(72, 558, 12, '1155'),
	(72, 559, 11, '0'),
	(73, 560, 9, 'Asrock '),
	(73, 564, 12, '1155'),
	(73, 565, 11, '0'),
	(74, 566, 9, 'ASROCK'),
	(74, 570, 12, '1155'),
	(74, 571, 11, '0'),
	(76, 579, 1, '2.4 GHz'),
	(76, 581, 6, '0'),
	(77, 586, 1, '3.2 GHz'),
	(77, 588, 6, 'Intel HD Graphics'),
	(78, 593, 1, '3.6 GHz'),
	(78, 595, 6, 'Intel HD Graphics 4400'),
	(79, 600, 1, '3.2 GHz'),
	(79, 602, 6, 'Intel HD Graphics 4600'),
	(80, 607, 1, '2.1GHz'),
	(80, 609, 6, ''),
	(81, 620, 9, 'Asus'),
	(81, 624, 12, '1150'),
	(81, 625, 11, '250'),
	(82, 627, 25, '-'),
	(83, 652, 1, '2.7'),
	(83, 653, 6, 'Intel HD Graphics'),
	(84, 656, 1, '2.7 GHz'),
	(84, 657, 6, 'Intel HD Graphics'),
	(85, 664, 1, '3 GHz'),
	(85, 665, 6, 'Intel HD Graphics'),
	(86, 668, 1, '3.4 GHz'),
	(86, 669, 6, 'Intel HD Graphics 2500'),
	(87, 672, 1, '2.7 GHz'),
	(87, 673, 6, 'Intel HD Graphics'),
	(88, 676, 1, '3.4 GHz'),
	(88, 677, 6, 'Intel HD graphics 4400'),
	(89, 680, 1, '3.2 GHz'),
	(89, 681, 6, 'Intel HD Graphics 4600'),
	(90, 684, 1, '3.6 GHz'),
	(90, 685, 6, 'Intel HD Graphics 4600'),
	(91, 692, 1, '4 GHz'),
	(91, 693, 6, 'Intel HD Graphics 4600'),
	(92, 696, 1, '3.1 GHz'),
	(92, 697, 6, 'Radeon R7 series'),
	(93, 700, 1, '3.5 GHz'),
	(93, 701, 6, 'Radeon R7 series'),
	(94, 704, 25, '0'),
	(95, 705, 25, '0'),
	(96, 706, 25, '0'),
	(97, 707, 25, '0'),
	(98, 708, 25, '0'),
	(99, 709, 25, '0'),
	(100, 710, 25, '0'),
	(101, 711, 25, '0'),
	(102, 712, 25, '0'),
	(103, 713, 27, 'TOSHIBA'),
	(104, 714, 27, 'Seagate'),
	(105, 715, 27, 'Seagate'),
	(106, 716, 15, 'PCI Express 3.0'),
	(106, 717, 18, '384-Bit'),
	(106, 718, 17, '750W'),
	(106, 719, 20, '0'),
	(107, 720, 27, 'WD'),
	(108, 721, 15, 'PCI Express 3.0'),
	(108, 722, 18, '512'),
	(108, 723, 17, '600'),
	(108, 724, 20, '0'),
	(109, 725, 27, 'TOSHIBA'),
	(110, 726, 27, 'WD'),
	(111, 727, 27, 'WD'),
	(112, 728, 27, 'TOSHIBA'),
	(113, 729, 27, 'Seagate'),
	(114, 730, 27, 'WD'),
	(115, 731, 27, 'Seagate');
/*!40000 ALTER TABLE `product_description` ENABLE KEYS */;


-- Dumping structure for table db_choosepc.product_detail
CREATE TABLE IF NOT EXISTS `product_detail` (
  `product` int(11) DEFAULT NULL,
  `id_criteria` varchar(5) DEFAULT NULL,
  `id_subcriteria` varchar(5) DEFAULT NULL,
  UNIQUE KEY `product_id_criteria_id_subcriteria` (`product`,`id_criteria`,`id_subcriteria`),
  KEY `FK_product_moboo_detail_product_mobo` (`product`),
  KEY `FK_product_moboo_detail_ahp_criteria` (`id_criteria`),
  KEY `FK_product_moboo_detail_ahp_subcriteria` (`id_subcriteria`),
  CONSTRAINT `FK_product_detail_ahp_criteria` FOREIGN KEY (`id_criteria`) REFERENCES `ahp_criteria` (`id_criteria`) ON UPDATE CASCADE,
  CONSTRAINT `FK_product_detail_ahp_subcriteria` FOREIGN KEY (`id_subcriteria`) REFERENCES `ahp_subcriteria` (`id_sub`) ON UPDATE CASCADE,
  CONSTRAINT `FK_product_detail_product` FOREIGN KEY (`product`) REFERENCES `product` (`id`) ON DELETE CASCADE ON UPDATE CASCADE
) ENGINE=InnoDB DEFAULT CHARSET=latin1 ROW_FORMAT=COMPACT;

-- Dumping data for table db_choosepc.product_detail: ~352 rows (approximately)
/*!40000 ALTER TABLE `product_detail` DISABLE KEYS */;
REPLACE INTO `product_detail` (`product`, `id_criteria`, `id_subcriteria`) VALUES
	(1, 'CT001', 'SC017'),
	(1, 'CT002', 'SC002'),
	(1, 'CT003', 'SC008'),
	(1, 'CT004', 'SC015'),
	(2, 'CT001', 'SC019'),
	(2, 'CT002', 'SC003'),
	(2, 'CT003', 'SC008'),
	(2, 'CT004', 'SC015'),
	(3, 'CT001', 'SC019'),
	(3, 'CT002', 'SC003'),
	(3, 'CT003', 'SC008'),
	(3, 'CT004', 'SC015'),
	(4, 'CT001', 'SC019'),
	(4, 'CT002', 'SC004'),
	(4, 'CT003', 'SC012'),
	(4, 'CT004', 'SC109'),
	(5, 'CT001', 'SC020'),
	(5, 'CT002', 'SC003'),
	(5, 'CT003', 'SC009'),
	(5, 'CT004', 'SC015'),
	(6, 'CT001', 'SC017'),
	(6, 'CT002', 'SC004'),
	(6, 'CT003', 'SC012'),
	(6, 'CT004', 'SC109'),
	(7, 'CT001', 'SC019'),
	(7, 'CT002', 'SC002'),
	(7, 'CT003', 'SC008'),
	(7, 'CT004', 'SC105'),
	(8, 'CT001', 'SC019'),
	(8, 'CT002', 'SC003'),
	(8, 'CT003', 'SC009'),
	(8, 'CT004', 'SC108'),
	(9, 'CT001', 'SC019'),
	(9, 'CT002', 'SC005'),
	(9, 'CT003', 'SC012'),
	(9, 'CT004', 'SC109'),
	(10, 'CT001', 'SC020'),
	(10, 'CT002', 'SC005'),
	(10, 'CT003', 'SC011'),
	(10, 'CT004', 'SC110'),
	(12, 'CT001', 'SC020'),
	(12, 'CT002', 'SC003'),
	(12, 'CT003', 'SC009'),
	(12, 'CT004', 'SC106'),
	(13, 'CT001', 'SC020'),
	(13, 'CT002', 'SC002'),
	(13, 'CT003', 'SC008'),
	(13, 'CT004', 'SC015'),
	(15, 'CT001', 'SC019'),
	(15, 'CT002', 'SC002'),
	(15, 'CT003', 'SC008'),
	(15, 'CT004', 'SC105'),
	(16, 'CT001', 'SC017'),
	(16, 'CT002', 'SC003'),
	(16, 'CT003', 'SC009'),
	(16, 'CT004', 'SC106'),
	(17, 'CT005', 'SC021'),
	(17, 'CT006', 'SC037'),
	(17, 'CT007', 'SC045'),
	(18, 'CT005', 'SC025'),
	(18, 'CT006', 'SC044'),
	(18, 'CT007', 'SC045'),
	(19, 'CT005', 'SC025'),
	(19, 'CT006', 'SC044'),
	(19, 'CT007', 'SC045'),
	(20, 'CT005', 'SC021'),
	(20, 'CT006', 'SC037'),
	(20, 'CT007', 'SC045'),
	(21, 'CT005', 'SC021'),
	(21, 'CT006', 'SC037'),
	(21, 'CT007', 'SC045'),
	(22, 'CT005', 'SC021'),
	(22, 'CT006', 'SC037'),
	(22, 'CT007', 'SC045'),
	(23, 'CT005', 'SC021'),
	(23, 'CT006', 'SC037'),
	(23, 'CT007', 'SC045'),
	(24, 'CT005', 'SC025'),
	(24, 'CT006', 'SC044'),
	(24, 'CT007', 'SC045'),
	(25, 'CT005', 'SC036'),
	(25, 'CT006', 'SC042'),
	(25, 'CT007', 'SC045'),
	(26, 'CT019', 'SC092'),
	(26, 'CT021', 'SC096'),
	(26, 'CT022', 'SC104'),
	(27, 'CT008', 'SC056'),
	(27, 'CT010', 'SC058'),
	(27, 'CT011', 'SC064'),
	(27, 'CT012', 'SC067'),
	(28, 'CT019', 'SC093'),
	(28, 'CT021', 'SC096'),
	(28, 'CT022', 'SC104'),
	(29, 'CT008', 'SC056'),
	(29, 'CT010', 'SC060'),
	(29, 'CT011', 'SC063'),
	(29, 'CT012', 'SC066'),
	(30, 'CT019', 'SC092'),
	(30, 'CT021', 'SC096'),
	(30, 'CT022', 'SC103'),
	(31, 'CT008', 'SC057'),
	(31, 'CT010', 'SC060'),
	(31, 'CT011', 'SC064'),
	(31, 'CT012', 'SC068'),
	(32, 'CT019', 'SC092'),
	(32, 'CT021', 'SC096'),
	(32, 'CT022', 'SC104'),
	(33, 'CT008', 'SC057'),
	(33, 'CT010', 'SC060'),
	(33, 'CT011', 'SC062'),
	(33, 'CT012', 'SC068'),
	(34, 'CT019', 'SC094'),
	(34, 'CT021', 'SC097'),
	(34, 'CT022', 'SC104'),
	(35, 'CT008', 'SC056'),
	(35, 'CT010', 'SC060'),
	(35, 'CT011', 'SC064'),
	(35, 'CT012', 'SC068'),
	(36, 'CT019', 'SC093'),
	(36, 'CT021', 'SC097'),
	(36, 'CT022', 'SC104'),
	(37, 'CT008', 'SC057'),
	(37, 'CT010', 'SC060'),
	(37, 'CT011', 'SC064'),
	(37, 'CT012', 'SC068'),
	(38, 'CT019', 'SC092'),
	(38, 'CT021', 'SC098'),
	(38, 'CT022', 'SC104'),
	(39, 'CT008', 'SC057'),
	(39, 'CT010', 'SC060'),
	(39, 'CT011', 'SC064'),
	(39, 'CT012', 'SC068'),
	(40, 'CT013', 'SC080'),
	(40, 'CT014', 'SC082'),
	(40, 'CT015', 'SC070'),
	(40, 'CT016', 'SC074'),
	(40, 'CT017', 'SC088'),
	(41, 'CT008', 'SC057'),
	(41, 'CT010', 'SC060'),
	(41, 'CT011', 'SC064'),
	(41, 'CT012', 'SC068'),
	(42, 'CT013', 'SC080'),
	(42, 'CT014', 'SC086'),
	(42, 'CT015', 'SC070'),
	(42, 'CT016', 'SC076'),
	(42, 'CT017', 'SC088'),
	(43, 'CT008', 'SC057'),
	(43, 'CT010', 'SC060'),
	(43, 'CT011', 'SC064'),
	(43, 'CT012', 'SC068'),
	(44, 'CT013', 'SC080'),
	(44, 'CT014', 'SC082'),
	(44, 'CT015', 'SC070'),
	(44, 'CT016', 'SC075'),
	(44, 'CT017', 'SC088'),
	(45, 'CT008', 'SC057'),
	(45, 'CT010', 'SC060'),
	(45, 'CT011', 'SC064'),
	(45, 'CT012', 'SC068'),
	(46, 'CT013', 'SC080'),
	(46, 'CT014', 'SC082'),
	(46, 'CT015', 'SC070'),
	(46, 'CT016', 'SC073'),
	(46, 'CT017', 'SC087'),
	(47, 'CT008', 'SC057'),
	(47, 'CT010', 'SC060'),
	(47, 'CT011', 'SC064'),
	(47, 'CT012', 'SC068'),
	(48, 'CT013', 'SC080'),
	(48, 'CT014', 'SC082'),
	(48, 'CT015', 'SC070'),
	(48, 'CT016', 'SC073'),
	(48, 'CT017', 'SC088'),
	(50, 'CT013', 'SC080'),
	(50, 'CT014', 'SC082'),
	(50, 'CT015', 'SC070'),
	(50, 'CT016', 'SC076'),
	(50, 'CT017', 'SC089'),
	(52, 'CT013', 'SC080'),
	(52, 'CT014', 'SC086'),
	(52, 'CT015', 'SC070'),
	(52, 'CT016', 'SC076'),
	(52, 'CT017', 'SC088'),
	(72, 'CT005', 'SC029'),
	(72, 'CT006', 'SC039'),
	(72, 'CT007', 'SC046'),
	(73, 'CT005', 'SC029'),
	(73, 'CT006', 'SC039'),
	(73, 'CT007', 'SC046'),
	(74, 'CT005', 'SC029'),
	(74, 'CT006', 'SC039'),
	(74, 'CT007', 'SC046'),
	(76, 'CT001', 'SC018'),
	(76, 'CT002', 'SC003'),
	(76, 'CT003', 'SC009'),
	(76, 'CT004', 'SC110'),
	(77, 'CT001', 'SC019'),
	(77, 'CT002', 'SC002'),
	(77, 'CT003', 'SC008'),
	(77, 'CT004', 'SC105'),
	(78, 'CT001', 'SC020'),
	(78, 'CT002', 'SC002'),
	(78, 'CT003', 'SC009'),
	(78, 'CT004', 'SC105'),
	(79, 'CT001', 'SC019'),
	(79, 'CT002', 'SC003'),
	(79, 'CT003', 'SC009'),
	(79, 'CT004', 'SC016'),
	(80, 'CT001', 'SC018'),
	(80, 'CT002', 'SC001'),
	(80, 'CT003', 'SC007'),
	(80, 'CT004', 'SC014'),
	(81, 'CT005', 'SC028'),
	(81, 'CT006', 'SC043'),
	(81, 'CT007', 'SC045'),
	(82, 'CT019', 'SC090'),
	(82, 'CT021', 'SC095'),
	(82, 'CT022', 'SC101'),
	(83, 'CT001', 'SC019'),
	(83, 'CT002', 'SC002'),
	(83, 'CT003', 'SC008'),
	(83, 'CT004', 'SC016'),
	(84, 'CT001', 'SC019'),
	(84, 'CT002', 'SC002'),
	(84, 'CT003', 'SC008'),
	(84, 'CT004', 'SC016'),
	(85, 'CT001', 'SC019'),
	(85, 'CT002', 'SC002'),
	(85, 'CT003', 'SC008'),
	(85, 'CT004', 'SC105'),
	(86, 'CT001', 'SC019'),
	(86, 'CT002', 'SC002'),
	(86, 'CT003', 'SC009'),
	(86, 'CT004', 'SC105'),
	(87, 'CT001', 'SC019'),
	(87, 'CT002', 'SC002'),
	(87, 'CT003', 'SC008'),
	(87, 'CT004', 'SC105'),
	(88, 'CT001', 'SC019'),
	(88, 'CT002', 'SC002'),
	(88, 'CT003', 'SC009'),
	(88, 'CT004', 'SC105'),
	(89, 'CT001', 'SC019'),
	(89, 'CT002', 'SC003'),
	(89, 'CT003', 'SC009'),
	(89, 'CT004', 'SC108'),
	(90, 'CT001', 'SC020'),
	(90, 'CT002', 'SC003'),
	(90, 'CT003', 'SC011'),
	(90, 'CT004', 'SC110'),
	(91, 'CT001', 'SC020'),
	(91, 'CT002', 'SC003'),
	(91, 'CT003', 'SC011'),
	(91, 'CT004', 'SC110'),
	(92, 'CT001', 'SC019'),
	(92, 'CT002', 'SC003'),
	(92, 'CT003', 'SC009'),
	(92, 'CT004', 'SC106'),
	(93, 'CT001', 'SC019'),
	(93, 'CT002', 'SC003'),
	(93, 'CT003', 'SC009'),
	(93, 'CT004', 'SC106'),
	(94, 'CT019', 'SC114'),
	(94, 'CT021', 'SC115'),
	(94, 'CT022', 'SC101'),
	(95, 'CT019', 'SC116'),
	(95, 'CT021', 'SC112'),
	(95, 'CT022', 'SC102'),
	(96, 'CT019', 'SC117'),
	(96, 'CT021', 'SC098'),
	(96, 'CT022', 'SC102'),
	(97, 'CT019', 'SC118'),
	(97, 'CT021', 'SC099'),
	(97, 'CT022', 'SC102'),
	(98, 'CT019', 'SC117'),
	(98, 'CT021', 'SC098'),
	(98, 'CT022', 'SC102'),
	(99, 'CT019', 'SC118'),
	(99, 'CT021', 'SC099'),
	(99, 'CT022', 'SC102'),
	(100, 'CT019', 'SC117'),
	(100, 'CT021', 'SC095'),
	(100, 'CT022', 'SC102'),
	(101, 'CT019', 'SC114'),
	(101, 'CT021', 'SC095'),
	(101, 'CT022', 'SC102'),
	(102, 'CT019', 'SC090'),
	(102, 'CT021', 'SC096'),
	(102, 'CT022', 'SC102'),
	(103, 'CT013', 'SC077'),
	(103, 'CT014', 'SC082'),
	(103, 'CT015', 'SC070'),
	(103, 'CT016', 'SC072'),
	(103, 'CT017', 'SC087'),
	(104, 'CT013', 'SC078'),
	(104, 'CT014', 'SC084'),
	(104, 'CT015', 'SC069'),
	(104, 'CT016', 'SC075'),
	(104, 'CT017', 'SC088'),
	(105, 'CT013', 'SC078'),
	(105, 'CT014', 'SC082'),
	(105, 'CT015', 'SC070'),
	(105, 'CT016', 'SC074'),
	(105, 'CT017', 'SC088'),
	(106, 'CT008', 'SC055'),
	(106, 'CT010', 'SC060'),
	(106, 'CT011', 'SC064'),
	(106, 'CT012', 'SC068'),
	(107, 'CT013', 'SC078'),
	(107, 'CT014', 'SC082'),
	(107, 'CT015', 'SC070'),
	(107, 'CT016', 'SC119'),
	(107, 'CT017', 'SC120'),
	(108, 'CT008', 'SC057'),
	(108, 'CT010', 'SC122'),
	(108, 'CT011', 'SC062'),
	(108, 'CT012', 'SC068'),
	(109, 'CT013', 'SC078'),
	(109, 'CT014', 'SC082'),
	(109, 'CT015', 'SC070'),
	(109, 'CT016', 'SC075'),
	(109, 'CT017', 'SC088'),
	(110, 'CT013', 'SC078'),
	(110, 'CT014', 'SC082'),
	(110, 'CT015', 'SC070'),
	(110, 'CT016', 'SC073'),
	(110, 'CT017', 'SC088'),
	(111, 'CT013', 'SC078'),
	(111, 'CT014', 'SC086'),
	(111, 'CT015', 'SC070'),
	(111, 'CT016', 'SC076'),
	(111, 'CT017', 'SC088'),
	(112, 'CT013', 'SC078'),
	(112, 'CT014', 'SC082'),
	(112, 'CT015', 'SC070'),
	(112, 'CT016', 'SC075'),
	(112, 'CT017', 'SC088'),
	(113, 'CT013', 'SC078'),
	(113, 'CT014', 'SC123'),
	(113, 'CT015', 'SC070'),
	(113, 'CT016', 'SC076'),
	(113, 'CT017', 'SC088'),
	(114, 'CT013', 'SC078'),
	(114, 'CT014', 'SC124'),
	(114, 'CT015', 'SC070'),
	(114, 'CT016', 'SC072'),
	(114, 'CT017', 'SC125'),
	(115, 'CT013', 'SC077'),
	(115, 'CT014', 'SC082'),
	(115, 'CT015', 'SC069'),
	(115, 'CT016', 'SC126'),
	(115, 'CT017', 'SC120');
/*!40000 ALTER TABLE `product_detail` ENABLE KEYS */;


-- Dumping structure for table db_choosepc.product_image
CREATE TABLE IF NOT EXISTS `product_image` (
  `id` int(11) NOT NULL AUTO_INCREMENT,
  `id_product` int(11) DEFAULT NULL,
  `image` varchar(100) NOT NULL,
  PRIMARY KEY (`id`),
  UNIQUE KEY `id_product_image` (`id_product`,`image`),
  CONSTRAINT `FK_product_image_product` FOREIGN KEY (`id_product`) REFERENCES `product` (`id`) ON DELETE CASCADE ON UPDATE CASCADE
) ENGINE=InnoDB AUTO_INCREMENT=70 DEFAULT CHARSET=latin1;

-- Dumping data for table db_choosepc.product_image: ~61 rows (approximately)
/*!40000 ALTER TABLE `product_image` DISABLE KEYS */;
REPLACE INTO `product_image` (`id`, `id_product`, `image`) VALUES
	(29, 1, 'CM001_1_1.jpg'),
	(30, 2, 'CM001_2_1.jpg'),
	(31, 3, 'CM001_3_1.jpg'),
	(32, 4, 'CM001_4_1.jpg'),
	(33, 5, 'CM001_5_1.jpg'),
	(34, 6, 'CM001_6_1.jpg'),
	(35, 7, 'CM001_7_1.jpg'),
	(36, 8, 'CM001_8_1.jpg'),
	(37, 9, 'CM001_9_1.jpg'),
	(38, 10, 'CM001_10_1.jpg'),
	(39, 12, 'CM001_12_1.jpg'),
	(40, 13, 'CM001_13_1.jpg'),
	(41, 15, 'CM001_15_1.jpg'),
	(47, 16, 'CM001_16_1.jpg'),
	(11, 74, 'CM002_74_1.jpg'),
	(12, 74, 'CM002_74_2.jpg'),
	(13, 74, 'CM002_74_3.jpg'),
	(14, 74, 'CM002_74_4.jpg'),
	(42, 76, 'CM001_76_1.jpg'),
	(43, 77, 'CM001_77_1.jpg'),
	(44, 78, 'CM001_78_1.jpg'),
	(45, 79, 'CM001_79_1.jpg'),
	(46, 80, 'CM001_80_1.jpg'),
	(7, 81, 'CM002_81_1.jpg'),
	(8, 81, 'CM002_81_2.jpg'),
	(9, 81, 'CM002_81_3.jpg'),
	(10, 81, 'CM002_81_4.jpg'),
	(15, 83, 'CM001_83_1.jpg'),
	(28, 83, 'CM001_83_2.jpg'),
	(16, 84, 'CM001_84_1.jpg'),
	(18, 85, 'CM001_85_1.jpg'),
	(19, 86, 'CM001_86_1.jpg'),
	(20, 87, 'CM001_87_1.jpg'),
	(22, 88, 'CM001_88_1.jpg'),
	(23, 89, 'CM001_89_1.jpg'),
	(24, 90, 'CM001_90_1.jpg'),
	(25, 91, 'CM001_91_1.jpg'),
	(26, 92, 'CM001_92_1.jpg'),
	(27, 93, 'CM001_93_1.jpg'),
	(48, 94, 'CM005_94_1.jpg'),
	(49, 95, 'CM005_95_1.jpg'),
	(50, 96, 'CM005_96_1.jpg'),
	(51, 97, 'CM005_97_1.jpg'),
	(52, 98, 'CM005_98_1.jpg'),
	(53, 99, 'CM005_99_1.jpg'),
	(54, 100, 'CM005_100_1.jpg'),
	(55, 101, 'CM005_101_1.jpg'),
	(56, 102, 'CM005_102_1.jpg'),
	(57, 103, 'CM004_103_1.jpg'),
	(58, 104, 'CM004_104_1.jpg'),
	(59, 105, 'CM004_105_1.jpg'),
	(60, 106, 'CM003_106_1.jpg'),
	(61, 107, 'CM004_107_1.jpg'),
	(62, 108, 'CM003_108_1.jpg'),
	(63, 109, 'CM004_109_1.jpg'),
	(64, 110, 'CM004_110_1.jpg'),
	(65, 111, 'CM004_111_1.jpg'),
	(66, 112, 'CM004_112_1.jpg'),
	(67, 113, 'CM004_113_1.jpg'),
	(68, 114, 'CM004_114_1.jpg'),
	(69, 115, 'CM004_115_1.jpg');
/*!40000 ALTER TABLE `product_image` ENABLE KEYS */;


-- Dumping structure for table db_choosepc.product_psu
CREATE TABLE IF NOT EXISTS `product_psu` (
  `id_psu` int(11) NOT NULL AUTO_INCREMENT,
  `manufactur` char(50) DEFAULT NULL,
  `model_number` char(50) DEFAULT NULL,
  `wattage` int(11) DEFAULT NULL,
  `rating` int(11) DEFAULT NULL,
  `price` int(11) DEFAULT NULL,
  PRIMARY KEY (`id_psu`),
  KEY `FK_product_psu_product_psu_rating` (`rating`),
  CONSTRAINT `FK_product_psu_product_psu_rating` FOREIGN KEY (`rating`) REFERENCES `product_psu_rating` (`rating`) ON UPDATE CASCADE
) ENGINE=InnoDB AUTO_INCREMENT=13 DEFAULT CHARSET=latin1;

-- Dumping data for table db_choosepc.product_psu: ~12 rows (approximately)
/*!40000 ALTER TABLE `product_psu` DISABLE KEYS */;
REPLACE INTO `product_psu` (`id_psu`, `manufactur`, `model_number`, `wattage`, `rating`, `price`) VALUES
	(1, 'XFX Technology', 'XPS-650W-3XS\r\n', 650, 1, 30000),
	(2, 'XFX Technology', 'XPS-850W-BES\r\n', 850, 2, 30000),
	(3, 'XFX Technology', 'XPS-450W-SEW\r\n', 450, 1, 20000),
	(4, 'Sea Sonic Electronics Co., Ltd.', 'SS-600ET', 600, 1, 80000),
	(5, 'CORSAIR', 'CS450M', 450, 3, 60),
	(6, 'Antec', 'TP-750C', 750, 3, 80),
	(7, 'EVGA', '220-G2-0750-XR', 750, 3, 115),
	(8, 'Rosewill', 'RBR1000-M', 1000, 1, 120),
	(9, 'CORSAIR', 'CX750M', 750, 1, 80),
	(10, 'Thermaltake', 'PS-TPD-0750MPCGUS-1', 750, 3, 90),
	(11, 'COOLER MASTER', 'RS550-AMAAB1-US', 550, 1, 80),
	(12, 'CORSAIR', 'CX600M', 600, 1, 65);
/*!40000 ALTER TABLE `product_psu` ENABLE KEYS */;


-- Dumping structure for table db_choosepc.product_psu_detail
CREATE TABLE IF NOT EXISTS `product_psu_detail` (
  `id_psu` int(11) NOT NULL,
  `id_criteria` varchar(5) NOT NULL,
  `id_subcriteria` varchar(10) NOT NULL,
  UNIQUE KEY `id_psu_id_criteria_id_subcriteria` (`id_psu`,`id_criteria`,`id_subcriteria`),
  KEY `FK_product_psu_detail_ahp_criteria` (`id_criteria`),
  KEY `FK_product_psu_detail_ahp_subcriteria` (`id_subcriteria`),
  CONSTRAINT `FK_product_psu_detail_ahp_criteria` FOREIGN KEY (`id_criteria`) REFERENCES `ahp_criteria` (`id_criteria`) ON UPDATE CASCADE,
  CONSTRAINT `FK_product_psu_detail_ahp_subcriteria` FOREIGN KEY (`id_subcriteria`) REFERENCES `ahp_subcriteria` (`id_sub`) ON UPDATE CASCADE,
  CONSTRAINT `FK_product_psu_detail_product_psu` FOREIGN KEY (`id_psu`) REFERENCES `product_psu` (`id_psu`) ON UPDATE CASCADE
) ENGINE=InnoDB DEFAULT CHARSET=latin1;

-- Dumping data for table db_choosepc.product_psu_detail: ~0 rows (approximately)
/*!40000 ALTER TABLE `product_psu_detail` DISABLE KEYS */;
/*!40000 ALTER TABLE `product_psu_detail` ENABLE KEYS */;


-- Dumping structure for table db_choosepc.product_psu_image
CREATE TABLE IF NOT EXISTS `product_psu_image` (
  `id` int(11) NOT NULL AUTO_INCREMENT,
  `id_product` int(11) DEFAULT NULL,
  `image` varchar(100) NOT NULL,
  PRIMARY KEY (`id`),
  UNIQUE KEY `id_product_image` (`id_product`,`image`),
  CONSTRAINT `FK_product_psu_image_product_psu` FOREIGN KEY (`id_product`) REFERENCES `product_psu` (`id_psu`) ON UPDATE CASCADE
) ENGINE=InnoDB DEFAULT CHARSET=latin1 ROW_FORMAT=COMPACT;

-- Dumping data for table db_choosepc.product_psu_image: ~0 rows (approximately)
/*!40000 ALTER TABLE `product_psu_image` DISABLE KEYS */;
/*!40000 ALTER TABLE `product_psu_image` ENABLE KEYS */;


-- Dumping structure for table db_choosepc.product_psu_rating
CREATE TABLE IF NOT EXISTS `product_psu_rating` (
  `rating` int(11) NOT NULL,
  `name_rating` char(50) DEFAULT NULL,
  PRIMARY KEY (`rating`)
) ENGINE=InnoDB DEFAULT CHARSET=latin1;

-- Dumping data for table db_choosepc.product_psu_rating: ~5 rows (approximately)
/*!40000 ALTER TABLE `product_psu_rating` DISABLE KEYS */;
REPLACE INTO `product_psu_rating` (`rating`, `name_rating`) VALUES
	(1, 'Browse'),
	(2, 'Silver'),
	(3, 'Gold'),
	(4, 'Platinum'),
	(5, 'Titanium');
/*!40000 ALTER TABLE `product_psu_rating` ENABLE KEYS */;


-- Dumping structure for function db_choosepc.produk
DELIMITER //
CREATE DEFINER=`root`@`localhost` FUNCTION `produk`(`co` VARCHAR(2), `tb_k` VARCHAR(50), `id_k` VARCHAR(50)) RETURNS varchar(5) CHARSET latin1
    NO SQL
BEGIN
  DECLARE COD VARCHAR(5);
  DECLARE MA INT;
select ifnull(max(RIGHT(id_k,3)),'000') INTO MA from tb_k;
SET COD = CONCAT(co,RIGHT(CONCAT('000',CONVERT(MA+1,CHAR)),3));
  RETURN COD;
END//
DELIMITER ;


-- Dumping structure for table db_choosepc.rule_bayes
CREATE TABLE IF NOT EXISTS `rule_bayes` (
  `id` int(11) NOT NULL AUTO_INCREMENT,
  `id_evid` int(11) NOT NULL,
  `id_hipo` int(11) NOT NULL,
  PRIMARY KEY (`id`),
  KEY `id_evid` (`id_evid`,`id_hipo`),
  KEY `id_hipo` (`id_hipo`),
  CONSTRAINT `rule_bayes_ibfk_1` FOREIGN KEY (`id_evid`) REFERENCES `evidence` (`id`) ON DELETE CASCADE ON UPDATE CASCADE,
  CONSTRAINT `rule_bayes_ibfk_2` FOREIGN KEY (`id_hipo`) REFERENCES `hipotesis` (`id`) ON DELETE CASCADE ON UPDATE CASCADE
) ENGINE=InnoDB AUTO_INCREMENT=37 DEFAULT CHARSET=latin1;

-- Dumping data for table db_choosepc.rule_bayes: ~16 rows (approximately)
/*!40000 ALTER TABLE `rule_bayes` DISABLE KEYS */;
REPLACE INTO `rule_bayes` (`id`, `id_evid`, `id_hipo`) VALUES
	(24, 4, 2),
	(25, 5, 2),
	(36, 6, 1),
	(26, 7, 2),
	(23, 8, 1),
	(20, 9, 1),
	(21, 10, 1),
	(29, 11, 4),
	(30, 12, 4),
	(31, 13, 4),
	(32, 14, 4),
	(33, 15, 4),
	(34, 16, 4),
	(22, 17, 1),
	(28, 17, 2),
	(27, 18, 2);
/*!40000 ALTER TABLE `rule_bayes` ENABLE KEYS */;


-- Dumping structure for function db_choosepc.subcriteria
DELIMITER //
CREATE DEFINER=`root`@`localhost` FUNCTION `subcriteria`() RETURNS varchar(5) CHARSET latin1
    NO SQL
BEGIN
  DECLARE COD VARCHAR(5);
  DECLARE MA INT;
select ifnull(max(RIGHT(id_sub,3)),'000') INTO MA from ahp_subcriteria;
SET COD = CONCAT('SC',RIGHT(CONCAT('000',CONVERT(MA+1,CHAR)),3));
  RETURN COD;
END//
DELIMITER ;


-- Dumping structure for table db_choosepc.users
CREATE TABLE IF NOT EXISTS `users` (
  `id` int(10) unsigned NOT NULL AUTO_INCREMENT,
  `name` varchar(255) COLLATE utf8_unicode_ci NOT NULL,
  `email` varchar(255) COLLATE utf8_unicode_ci NOT NULL,
  `password` varchar(60) COLLATE utf8_unicode_ci NOT NULL,
  `remember_token` varchar(100) COLLATE utf8_unicode_ci DEFAULT NULL,
  `created_at` timestamp NOT NULL DEFAULT '0000-00-00 00:00:00',
  `updated_at` timestamp NOT NULL DEFAULT '0000-00-00 00:00:00',
  PRIMARY KEY (`id`),
  UNIQUE KEY `users_email_unique` (`email`)
) ENGINE=InnoDB DEFAULT CHARSET=utf8 COLLATE=utf8_unicode_ci;

-- Dumping data for table db_choosepc.users: ~0 rows (approximately)
/*!40000 ALTER TABLE `users` DISABLE KEYS */;
/*!40000 ALTER TABLE `users` ENABLE KEYS */;


-- Dumping structure for table db_choosepc.web_pages
CREATE TABLE IF NOT EXISTS `web_pages` (
  `id` int(11) NOT NULL,
  `title` varchar(50) NOT NULL,
  `content` varchar(500) NOT NULL,
  PRIMARY KEY (`id`)
) ENGINE=InnoDB DEFAULT CHARSET=latin1;

-- Dumping data for table db_choosepc.web_pages: ~0 rows (approximately)
/*!40000 ALTER TABLE `web_pages` DISABLE KEYS */;
/*!40000 ALTER TABLE `web_pages` ENABLE KEYS */;
/*!40101 SET SQL_MODE=IFNULL(@OLD_SQL_MODE, '') */;
/*!40014 SET FOREIGN_KEY_CHECKS=IF(@OLD_FOREIGN_KEY_CHECKS IS NULL, 1, @OLD_FOREIGN_KEY_CHECKS) */;
/*!40101 SET CHARACTER_SET_CLIENT=@OLD_CHARACTER_SET_CLIENT */;
